"Season","TeamName","Size","SizeRank","Hgt5","Hgt5Rank","Hgt4","Hgt4Rank","Hgt3","Hgt3Rank","Hgt2","Hgt2Rank","Hgt1","Hgt1Rank","HgtEff","HgtEffRank","Exp","ExpRank","Bench","BenchRank","Pts5","Pts5Rank","Pts4","Pts4Rank","Pts3","Pts3Rank","Pts2","Pts2Rank","Pts1","Pts1Rank","OR5","OR5Rank","OR4","OR4Rank","OR3","OR3Rank","OR2","OR2Rank","OR1","OR1Rank","DR5","DR5Rank","DR4","DR4Rank","DR3","DR3Rank","DR2","DR2Rank","DR1","DR1Rank","Continuity","RankContinuity"
"2025","Abilene Christian",77.31,165,-0.39,218,-0.84,281,-0.24,227,0.68,94,1.31,67,-0.62,260,1.34695,252,34.1,106,23.88,51,23.44,60,23.1,67,12.76,362,16.8,285,30.48,277,30.94,89,21.41,95,7.25,290,9.88,123,18.98,346,25.9,90,22.2,81,16.95,155,15.96,110,34.9058866500854,172
"2025","Air Force",78.16,49,1.18,61,-0.29,216,-0.06,187,1.09,61,2.88,6,0.45,120,1.78817,164,27.51,280,26.41,18,22.45,82,18.41,226,19.23,244,13.5,353,34.3,210,18.72,316,15.9,220,14.23,89,16.85,18,17.98,356,16.01,353,21.87,92,25.15,4,18.98,38,48.7824410200119,69
"2025","Akron",75.08,361,-1.93,350,-3.44,363,-2.15,359,-1.35,328,-1.74,323,-2.69,364,1.39564,246,39.3,24,19.67,158,17.45,266,20.76,143,17.49,289,24.61,61,45.87,26,19.14,309,15.47,226,12.06,138,7.41,212,32.36,23,19.23,300,20.69,120,15.78,202,11.91,304,23.8944783806801,250
"2025","Alabama",78.09,57,1.61,32,3.17,1,0.28,140,-0.53,257,-0.12,205,2.39,5,3.00644,9,37.96,44,15.17,316,19.38,193,18.63,217,21.28,142,25.5,45,29.74,289,28.12,142,27.07,25,9.9,215,5.13,317,27.62,132,29.43,24,19.56,162,11.9,337,11.43,317,44.0579473972321,109
"2025","Alabama A&M",76.76,253,0.63,107,-0.25,212,-0.62,268,-0.37,242,-1.61,313,0.19,147,0.864071,323,43.82,4,17.42,236,18.47,229,17.69,251,25.99,25,20.37,167,34.51,205,17.8,332,24.06,49,14.95,71,8.63,169,22.45,285,24.04,152,16.66,268,20.44,47,16.35,98,33.7940841913223,187
"2025","Alabama St.",76.63,277,0.95,83,-1.77,348,-1.81,349,-0.71,271,0.45,144,-0.41,225,1.61163,214,36.58,65,13.2,351,15.01,327,22.4,92,25.21,32,24.16,73,40.65,88,22.43,248,17.93,177,7.59,283,11.33,89,21.09,317,23.74,166,29.59,3,11.79,340,13.75,213,57.5382769107819,30
"2025","Albany",75.31,357,-1.6,333,-2.06,357,-1.11,306,-1.59,338,-3.12,355,-1.83,357,2.29954,74,24.31,323,16.95,255,21.98,91,20.22,165,19.63,221,21.21,145,27.63,321,22.51,246,23.63,54,16.55,47,9.68,130,25.26,202,26.68,73,15.44,319,17.84,114,14.78,158,17.0481830835342,288
"2025","Alcorn St.",75.61,349,-1.8,341,-1.06,302,-1.52,336,-2.46,350,-1.12,288,-1.43,337,0.941636,316,35.71,71,15.51,307,20.44,147,20.38,154,22.09,113,21.53,137,37,155,33.85,52,10.43,325,14.25,86,4.36,342,25.95,182,24.72,126,17.97,223,16.84,160,14.43,176,23.5608592629433,254
"2025","American",76.48,295,-0.55,226,-0.41,232,0.89,60,-0.71,272,-2.87,348,-0.48,239,2.53549,50,32.71,145,29.94,2,18.39,233,13.68,345,18.86,257,19.07,215,27.74,320,14.96,347,35.62,4,11.28,166,10.29,110,29.07,86,17.37,340,28.11,12,11.11,354,14.25,188,74.5739340782166,2
"2025","Appalachian St.",77.42,140,1.41,45,1.88,17,0.15,156,-1.34,326,-1.04,281,1.65,23,2.22991,84,25.68,304,25.51,27,19.76,174,12.85,359,14.47,354,27.38,25,34.91,199,43.91,1,9.25,339,5.44,334,6.46,259,27.17,147,22.57,205,13.89,345,14.02,282,22.33,8,22.7876991033554,256
"2025","Arizona",77.87,82,0.67,104,-0.02,175,-0.02,182,0.68,94,2,24,0.32,135,2.73039,29,29.7,227,19.95,149,20.26,155,19.08,201,22.68,87,17.96,260,28.75,307,34.16,46,23.01,60,7.39,286,6.61,251,24.89,212,24.68,130,18.53,199,18.23,102,13.61,223,38.2726937532425,149
"2025","Arizona St.",78.25,43,0.9,89,1.69,26,1.17,44,0.51,129,0.98,89,1.29,45,2.04549,120,29.19,246,16.76,265,20.76,135,22.86,80,19.77,214,19.86,185,52.57,7,22.04,254,10.87,315,7.27,289,7.25,219,31.64,33,23.45,176,20.66,121,14.25,270,10,347,16.9631212949753,289
"2025","Arkansas",78.65,18,2.98,9,1.38,41,0.31,138,0.68,94,1.89,27,2.18,7,1.55502,223,34.56,93,21.06,117,23.83,50,17.1,269,17.97,280,20.01,179,31.97,249,32.75,65,20.2,121,8.63,257,6.42,262,29.55,83,25.93,88,17.78,230,13.86,287,12.86,258,8.71890410780907,327
"2025","Arkansas Pine Bluff",77.11,192,-0.42,220,0.74,89,0.63,100,0.03,178,-1.48,306,0.16,153,0.658423,347,43.66,6,19.52,168,26.8,15,16.62,287,20.51,178,16.49,294,29.47,295,26.01,182,19.53,137,14.08,92,10.82,99,20.56,328,28.21,46,19.49,163,16,193,15.65,123,3.50185185670853,342
"2025","Arkansas St.",76.94,219,-0.32,207,-0.59,254,-0.49,249,0.01,186,0.08,188,-0.46,232,2.06086,117,30.74,197,20.31,137,19.75,175,24.92,41,20.81,164,14.17,343,38.77,118,25.2,196,13.38,266,17.27,34,5.33,311,31.13,46,22.7,203,17.41,239,15.87,197,12.84,261,44.0856784582138,107
"2025","Army",75.19,358,-1.39,304,-1.62,344,-1.67,342,-2.66,356,-2.76,344,-1.5,339,1.71923,192,28.93,254,23.22,68,23.53,58,8.12,364,16.83,310,28.24,20,44.12,40,22.04,253,12.97,274,13.99,94,6.77,240,25.81,186,15.79,354,19.64,161,18.95,83,19.73,29,48.3185887336731,72
"2025","Auburn",78.41,29,1.12,69,0.53,111,1.44,31,2,12,0.97,91,0.82,75,2.78817,26,34.2,101,20.64,123,21.09,124,18.75,216,19.08,250,20.44,162,46.06,25,29.92,107,12.95,275,5.61,330,5.46,305,29.9,74,24.36,142,17.06,253,16.33,177,12.34,285,54.6038568019867,40
"2025","Austin Peay",76.13,334,-1.05,283,-1.13,325,-2.77,363,-1.32,318,0.88,97,-1.09,313,0.935965,317,33.62,117,25.88,20,14.62,338,21.15,131,15.51,336,22.85,107,41.82,71,29.81,110,8.86,344,6.9,302,12.61,64,28.28,109,20.41,277,17.53,234,14.6,254,19.19,31,26.7718434333801,233
"2025","Ball St.",77.31,162,0.48,132,0.51,113,-0.11,190,-0.23,211,-0.12,205,0.5,113,2.38203,65,29.56,231,23.59,60,18.46,230,18.94,206,23,79,15.94,309,51.25,9,24.66,205,12.46,287,8.37,268,3.21,361,28.76,94,23.44,179,16.43,279,19,81,12.31,287,27.0280003547668,232
"2025","Baylor",76.95,216,-0.93,274,-0.36,226,-0.12,214,0.03,179,0.14,179,-0.65,263,2.72262,30,28.85,256,15.38,310,24.28,41,22.95,77,16.97,307,20.42,165,26.89,329,40.32,9,20.24,120,7.12,292,5.42,307,24.08,236,33.69,2,18.86,189,12.41,330,10.97,332,28.4099102020264,221
"2025","Bellarmine",76.51,294,-1.88,346,-0.67,267,-0.38,240,-0.3,219,-0.26,224,-1.27,321,1.32557,258,43.91,3,24.57,42,23.62,56,13.36,350,20.6,175,17.83,265,38.59,122,14.48,350,25.83,34,9.34,233,11.7,81,23.35,263,19.61,291,18.57,198,18.44,96,20,27,27.6874125003815,230
"2025","Belmont",78.11,56,-0.39,212,1.78,19,0.41,128,1.24,53,1.46,56,0.69,86,1.39062,247,28.7,261,19.34,176,21.91,94,20.11,167,16.91,308,21.69,135,39.64,98,21.65,260,8.15,349,24.04,8,6.43,261,20.27,334,27.99,50,14.85,328,20.55,44,16.29,101,24.6807396411896,243
"2025","Bethune Cookman",77.36,148,-1.42,321,-0.09,183,1.18,41,0.22,159,0.88,97,-0.75,278,1.60715,215,31.27,178,23.9,50,15.95,314,14.73,327,15.47,338,29.93,9,29.48,294,28.86,127,22.13,74,15.02,68,4.49,339,23.12,266,17.43,338,28.8,7,14.26,269,16.38,96,18.4925884008408,281
"2025","Binghamton",78.29,40,-1.39,304,0.25,138,0.89,60,2.68,2,3,4,-0.57,254,1.86011,152,24.14,324,21.21,113,23.39,62,17.46,256,22.31,107,15.58,317,22.57,354,33.35,56,13.55,259,14.63,78,15.84,23,28.68,95,27.29,62,13.5,350,17.56,121,12.9,257,44.4902539253235,101
"2025","Boise St.",78.05,61,-0.64,233,0.6,104,1.89,11,2.25,9,0.14,180,-0.02,180,2.12279,105,31.4,174,20.39,132,24.62,37,17.4,257,19.45,231,18.15,252,26.03,336,27.91,147,24.43,42,15.7,58,5.92,293,25.86,185,20.43,275,22.82,69,16.21,184,14.67,167,33.5021615028381,192
"2025","Boston College",76.87,231,-0.42,221,-0.66,264,-0.95,296,-0.32,220,0.69,124,-0.54,246,1.72629,189,37.39,53,22.89,77,25.64,25,17.38,258,15.91,330,18.16,250,27.85,318,21.33,271,18.74,157,10.43,191,21.62,5,21.16,315,24.52,135,25.59,26,13.39,299,15.33,138,14.6919146180153,300
"2025","Boston University",77.53,124,0.94,85,-0.05,178,-0.11,190,0.49,131,0.36,152,0.45,119,1.36014,251,37.33,55,16.17,288,19.86,167,22.53,88,24.49,46,16.88,283,32.74,236,29.53,116,18.02,173,14.73,75,4.88,326,26.48,163,22.26,216,16,297,16.51,170,18.68,43,62.9612565040588,15
"2025","Bowling Green",76.21,324,-0.53,225,-0.67,266,-2.03,355,-1.32,318,-0.45,239,-0.6,257,1.2768,265,27.31,282,18.14,221,19.6,182,14.57,329,24.97,37,22.67,112,41.74,73,31.86,76,6.14,358,11.24,169,8.94,152,29.86,77,22.93,193,16.04,295,17.33,131,13.78,210,22.5362822413445,258
"2025","Bradley",77.05,202,1.3,50,1.12,54,1.51,27,-0.18,204,-4.52,364,1.21,52,2.00103,124,29.44,237,20.03,146,18.6,220,18.45,224,20.95,155,21.9,128,37.79,139,18.35,321,21.67,84,13.48,103,8.62,170,30.73,54,20.5,272,17.24,244,15.16,236,16.3,100,59.3138933181763,24
"2025","Brown",75.99,342,-1.77,340,-1.56,342,-0.52,254,-1.1,300,-1.12,288,-1.67,351,1.71315,194,30.25,213,17.94,224,22.23,87,18.29,229,16.09,328,25.44,47,38.4,127,20.6,282,19.22,148,15.22,65,6.54,255,22.51,284,21.11,256,25.5,27,21.38,33,9.48,358,43.5236692428589,112
"2025","Bryant",79.06,6,0.17,166,0.91,64,1.74,19,2.68,2,3.76,2,0.54,105,2.6235,43,22.88,338,19.67,160,17.08,284,22.61,86,23.77,62,16.8,286,35.73,183,13.12,358,21.09,103,15.16,66,14.84,33,25.08,208,21.16,255,16.55,275,19.17,76,17.98,61,42.9919987916946,115
"2025","Bucknell",76.73,261,1.73,28,0.18,147,-1.11,306,-1.41,331,-1.76,324,0.96,66,1.74288,182,26.24,299,28.63,7,18.29,238,14.99,320,18.04,277,19.99,181,25.9,338,35.75,36,21.44,91,9.52,231,7.33,217,31.68,32,19.78,288,15.72,307,17.86,112,14.89,155,62.8047943115234,16
"2025","Buffalo",77.6,116,0.29,155,0.71,92,-0.54,257,-0.14,197,1.63,47,0.5,112,0.709671,342,31.13,185,19.73,155,14.88,331,19.8,176,22.6,91,22.99,99,27.74,319,28.29,139,23.44,56,12.05,139,8.47,177,21.53,308,24.7,128,20.65,122,17.21,138,15.89,114,31.1740010976791,202
"2025","Butler",78.86,13,2.22,13,1.29,45,1.53,26,1.64,30,1.58,48,1.76,19,2.89052,16,25.65,306,19.73,156,20.07,160,24.68,43,21.64,128,13.81,350,42.74,58,13.39,357,16.72,201,13.07,115,13.99,39,26,178,19.19,301,17.43,238,16.44,174,20.87,18,57.3295712471008,31
"2025","BYU",78.38,32,-0.15,202,1,60,0.8,87,1.58,33,2.64,9,0.42,123,1.92231,131,41.78,12,19.07,185,17.23,278,21.52,120,25.65,28,16.48,295,11.11,364,34.91,42,28.52,19,16,54,9.44,134,18.34,354,28.73,32,23.11,61,17.56,122,12.21,291,40.4207855463028,135
"2025","Cal Baptist",76.71,266,0.11,176,-0.33,223,0.12,164,-0.32,220,-2.05,334,-0.11,199,2.1207,107,35.52,74,22.72,83,14.58,340,14.49,330,18.17,272,29.98,8,38.89,114,33.99,50,9.83,334,8.4,266,8.81,159,28.3,108,30.34,18,16.4,282,15.66,209,9.23,362,25.4157334566116,239
"2025","Cal Poly",76.42,305,-2.58,363,-2.09,358,-0.61,267,0.2,161,1.18,77,-2.33,362,0.863767,324,30.2,214,16.3,281,21.47,107,21.92,106,20.97,153,19.35,205,29.24,299,24.74,202,18.17,170,15.83,56,12.02,76,22.42,286,23.05,190,20.24,141,18.83,85,15.46,133,19.8187753558159,274
"2025","Cal St. Bakersfield",76.58,282,-2.21,357,-1.09,306,-0.55,260,0.6,117,0.11,183,-1.65,349,1.39857,245,32.45,153,14.7,328,19.86,169,29.42,4,20.19,193,15.83,312,26.45,333,33.75,53,22.13,75,7.89,275,9.78,128,24.96,210,21.95,230,16.9,258,20.01,57,16.17,105,39.0897989273071,144
"2025","Cal St. Fullerton",77.18,184,0.21,161,0.11,157,-0.13,215,-0.67,264,0.36,153,0.16,155,0.941847,315,43.03,7,19.76,154,19.41,191,21.99,104,13.71,358,25.06,53,27.5,323,22.07,252,27.02,26,10.37,195,12.96,58,13.93,363,26.14,84,19.73,158,19.1,78,21.03,16,28.1021177768707,224
"2025","California",76.91,222,-0.03,192,0.17,150,1.35,33,-1.52,334,-1.45,305,0.07,165,2.31937,70,32.09,162,15.28,313,18.43,232,23.82,57,19.52,227,22.96,101,41.44,76,32.31,71,13.27,267,6.59,311,6.38,266,33.25,16,25.04,116,19.24,172,11.28,350,11.19,326,0.364123797044158,350
"2025","Campbell",77.54,123,-1.03,282,-0.08,181,-0.11,190,1.48,38,1.4,61,-0.55,248,1.62246,210,29.27,242,17.26,240,29.82,1,16.75,284,16.72,314,19.41,201,35.98,177,24.64,206,10.27,328,18.29,27,10.76,100,20.66,325,14.63,362,15.63,310,28.87,1,20.18,25,29.7531753778458,210
"2025","Canisius",76.87,232,-1.39,304,-0.41,231,0.15,158,0.41,137,-0.42,235,-0.9,297,1.1962,282,22.92,337,21.2,115,22.59,78,14.16,337,26.35,22,15.66,315,26.43,334,14.94,348,27.07,24,24.13,7,7.33,216,22.94,269,18.33,324,20.89,116,20.96,36,16.83,84,12.5820398330688,303
"2025","Central Arkansas",76.94,220,0.09,179,0.76,87,0.14,162,-0.66,263,-1.65,316,0.42,122,0.676401,345,35.85,68,23.98,46,18.12,243,16.56,288,16.79,311,24.56,63,28.25,312,17.85,330,19.46,143,26.34,4,8.1,191,29.45,84,20.33,280,12.25,357,21.6,28,16.36,97,16.5262624621391,292
"2025","Central Connecticut",75.57,350,-1.27,301,-0.12,201,-0.12,212,-3.3,363,-3.36,361,-0.7,273,1.631,208,30.87,195,19.58,162,18.45,231,24.51,45,16.5,320,20.91,149,29.72,291,30.46,96,24.57,39,10.47,190,4.67,331,22.15,293,24.98,119,22.83,67,15.25,233,14.72,163,50.8141279220581,59
"2025","Central Michigan",77.71,102,0.21,162,-0.93,293,0.89,60,1.35,45,0.99,87,-0.36,219,1.55,225,18.84,360,25.55,26,14.56,344,18.53,221,21.68,126,19.68,190,33.12,230,19.99,292,22.58,71,12.75,120,11.57,84,27.77,129,18.7,312,20.46,134,15.64,212,17.43,72,27.7028650045395,229
"2025","Charleston",77.63,110,1.14,65,0.7,95,-0.69,278,-0.32,220,1.3,69,0.92,69,2.11346,110,27.86,273,22.63,85,18.5,226,20.91,138,18.43,266,19.46,197,37.75,141,27.35,156,15.92,219,9.78,223,9.13,143,30.44,60,22.97,191,12.97,355,15.99,194,17.55,68,24.4152933359146,244
"2025","Charleston Southern",77.27,171,0.29,154,-0.09,183,0.74,91,0.32,147,-0.92,271,0.1,161,2.25276,79,20.33,356,12.62,353,29.21,2,16.32,293,21.17,145,20.66,156,36.27,166,28.75,130,21.9,79,9.88,217,3.18,362,26.41,166,28.34,42,15.83,302,18.32,99,11.07,330,32.9956948757172,198
"2025","Charlotte",77.4,145,-0.77,249,0.22,144,-0.06,186,-0.32,220,1.88,28,-0.27,212,1.78657,166,31.21,180,15.94,299,18.95,207,17.85,244,18.85,258,28.37,18,23.5,349,21.42,267,22.79,64,15.53,60,16.7,21,24.71,217,23.45,177,16.5,276,16.95,154,18.34,54,34.2140048742294,179
"2025","Chattanooga",76.21,322,0.04,184,-0.09,183,0.67,95,-2.65,355,-2.92,350,-0.02,179,1.72106,190,31.12,186,19.1,184,17.25,276,21.86,109,20.01,200,21.76,130,32.49,241,28.6,133,23.38,57,10.68,185,4.84,327,27.39,141,22.08,223,18.43,203,22.29,18,9.78,350,32.1845531463623,199
"2025","Chicago St.",77.06,198,-1.55,327,-1.86,354,-0.11,211,0.68,94,2.14,20,-1.7,352,0.7945,332,32.18,160,19.29,178,21.81,97,25.87,26,14.74,350,18.23,244,30.65,274,23.89,218,20.62,110,16.28,49,8.47,178,30.46,59,20.93,262,22.39,76,10.81,357,15.34,137,17.9969951510429,285
"2025","Cincinnati",78.55,22,1.9,23,0.91,64,2.33,7,0.85,81,0.73,120,1.41,34,2.19513,90,34.72,87,17.82,229,20.59,141,18.23,233,19.56,223,23.79,81,33.88,218,15.1,345,26.02,29,14.41,82,10.59,103,26.24,170,18.07,328,23.97,45,16.95,153,14.77,159,59.7194135189056,23
"2025","Clemson",77.94,78,1.6,35,1.44,40,0.22,145,0.41,136,0.01,193,1.52,26,3.01635,8,26.72,290,22.8,82,20.18,157,15.63,306,24.1,51,17.25,277,32.31,243,31.13,86,17.09,193,7.06,296,12.36,71,27.54,136,29.34,27,16.88,259,14.07,279,12.11,293,46.2572365999222,90
"2025","Cleveland St.",76.52,291,-0.46,224,-0.28,215,-0.97,298,-1.61,339,-0.12,205,-0.37,220,1.82146,160,27.63,277,20.25,138,11.79,362,22.38,93,24.03,52,21.49,138,37.42,149,19.34,305,19.16,150,17.16,35,6.84,236,29.56,82,23.13,187,19.1,179,16.48,172,11.67,313,33.7014377117157,189
"2025","Coastal Carolina",77.69,107,3.12,7,0.01,170,0.39,131,-0.23,212,-0.89,267,1.57,25,0.720896,339,30.47,205,23.96,48,19.11,201,20.7,145,19.99,203,16.16,304,45.78,27,37.45,24,4.3,364,5.34,339,7.05,225,24.62,221,27.04,69,16.62,270,15.43,222,16.22,103,6.38698562979698,334
"2025","Colgate",77.22,175,0.38,144,-1.09,306,-0.21,225,0.26,154,0.74,119,-0.35,216,1.27205,267,34.69,88,25.16,33,17.39,269,18.94,207,22.06,117,16.45,296,48.99,15,21.42,268,11.7,298,5.42,335,12.46,68,27.7,131,18.86,306,16.24,288,16.07,191,21.13,15,50.3010392189026,62
"2025","Colorado",78.87,12,1.03,77,1.77,21,2.81,3,1.53,34,1.19,75,1.4,36,1.31465,259,42.71,8,23.64,57,19.54,184,18.78,214,15.43,340,22.58,113,29.54,293,33.19,58,24.36,43,9.06,245,3.79,351,20.38,333,25.89,92,23.24,59,15.75,206,14.69,165,16.5114134550095,293
"2025","Colorado St.",77.06,199,-1.17,294,-0.21,209,0.43,125,0.51,128,-0.29,228,-0.69,271,2.40309,64,30.46,206,21,118,13.83,352,26.07,23,19.94,206,19.08,214,30.82,271,31.43,83,21.17,100,6.65,310,9.85,125,21.44,311,18.18,326,32.92,1,14.05,281,13.34,231,34.1149389743805,182
"2025","Columbia",76.76,255,0.06,183,-0.01,171,-1.36,331,-1.26,315,0.33,156,0.03,173,2.08758,113,33.86,111,18.2,219,17.63,259,20.52,151,23.95,57,19.62,191,43.15,50,31.77,78,7.58,352,9.38,232,8.02,192,30.69,56,30.65,16,10.95,363,13.37,301,14.26,187,66.3832247257233,9
"2025","Connecticut",78.17,48,0.57,119,0.75,88,1.89,11,0.43,134,1.18,76,0.66,93,1.75006,178,30.33,212,22.87,78,19.02,204,18.28,230,22.2,110,17.58,272,41.92,66,18.57,317,16.17,213,7.73,279,15.56,26,29.81,78,17.3,341,21.14,108,16.68,163,15.02,144,44.443553686142,103
"2025","Coppin St.",76.81,244,-1.39,304,0.19,146,0.81,86,-0.09,192,-1.51,308,-0.6,258,0.816347,328,33.73,113,20.64,124,23.4,61,21.87,108,22.65,89,11.39,363,18.96,363,29.49,119,20.15,123,21.42,14,9.92,121,18.91,349,24.68,129,29.17,5,15.23,234,11.96,302,18.6553582549095,280
"2025","Cornell",76.96,214,-0.76,248,-0.37,227,-1.08,304,-0.2,205,1.16,79,-0.56,251,1.41712,239,32.26,157,18.44,212,20.68,137,16.92,276,19.56,224,24.36,69,30.47,278,26.33,177,19.45,144,16.99,39,6.68,245,30.24,63,18.79,308,16.02,296,15.85,199,19.03,36,58.5641980171204,26
"2025","Creighton",78.94,8,3.11,8,2.7,3,2.53,4,1.24,54,-0.89,266,2.9,3,2.65098,38,28.19,268,27.82,12,18.88,209,11.69,361,16.74,313,24.84,57,36.18,170,29.98,105,19.63,134,9.82,221,4.35,343,25.98,180,19.69,289,16.45,278,21.68,27,16.18,104,46.5184688568115,87
"2025","CSUN",77.36,151,-1.06,285,-0.64,262,0.54,113,0.68,94,1.23,73,-0.85,289,1.82719,158,28.71,259,25.88,19,16.55,299,19.73,180,22.55,97,15.25,331,28.5,309,26.22,179,29.43,16,6.94,300,8.84,156,20.82,324,17.93,330,28.8,6,13.64,295,18.77,41,28.7370592355728,215
"2025","Dartmouth",76.41,307,-1.39,304,-0.61,257,0.17,154,-0.56,260,-1.59,311,-1,306,1.58281,219,26.75,289,22.5,87,18.53,224,23.03,71,19.51,228,16.41,300,37.74,142,27.04,164,9.21,341,15.89,55,10.08,115,28.22,116,21.17,254,18.97,187,20.52,45,11.11,329,50.7413327693939,60
"2025","Davidson",78.41,30,0.73,100,0.32,128,1.01,51,1.07,64,2.88,6,0.52,109,1.90183,139,24.38,319,25.88,21,18.02,246,23.11,66,17.67,285,15.24,332,31.99,248,25.4,195,11.48,303,7.07,295,23.97,3,22.73,274,21.3,251,23.33,57,17.1,145,15.47,131,54.2129158973694,42
"2025","Dayton",76.25,319,1.49,42,0.24,140,-0.99,300,-2.89,359,-2.63,339,0.87,72,2.94176,14,29.1,249,18.33,216,23.74,53,19.84,175,18.98,254,19.05,217,32.09,244,23.97,215,20.53,114,13.56,101,9.77,129,21.3,314,22.1,221,26.41,20,17.32,133,12.82,263,47.9617357254028,75
"2025","Delaware",77.31,167,-1.39,304,-1.2,328,-0.11,190,0.72,89,2.48,11,-1.29,327,1.10613,297,20.46,355,20.01,147,22.23,86,19.46,189,20.19,194,18.1,254,27.06,326,23.6,226,21.75,81,17.14,36,10.42,108,23.52,254,18.44,318,21.59,98,19.04,80,17.39,74,28.34113240242,222
"2025","Delaware St.",77.11,191,0.85,93,1.73,24,-1.05,303,-1.4,330,-0.6,248,1.29,46,1.63262,207,23.34,331,10.22,364,21.66,103,15.27,316,25.59,30,27.27,27,26.84,331,21.11,274,32.05,7,13.2,111,6.8,238,18.48,353,25.91,89,17.45,236,23.34,9,14.82,156,37.0923221111298,153
"2025","Denver",76.3,318,0.11,175,-0.86,283,-1.27,324,-1.73,341,-0.79,258,-0.37,222,0.912239,320,37.59,49,16.88,257,14.33,346,17.36,260,26.28,23,25.09,52,39.43,100,17.99,328,20.61,111,7.9,274,13.96,41,24.96,211,14.94,359,17.1,250,20.18,55,22.76,5,39.8567527532578,140
"2025","DePaul",77.21,180,-0.09,199,0.07,159,0.64,99,-1.19,309,0.62,130,-0.01,178,2.17303,92,38.96,32,19.5,170,18.14,242,24.26,49,20.27,190,17.79,266,33.92,217,20.04,289,19.18,149,12.58,123,14.2,38,30.63,57,18.89,304,19.48,165,17.33,132,13.6,224,0,357
"2025","Detroit Mercy",77.62,113,-0.2,205,0.31,130,0.14,163,1.09,62,0.75,117,0.05,169,0.988972,311,35.73,70,11.18,362,20.76,134,19.26,196,22.56,96,26.18,33,35.85,179,21.01,276,17.42,188,14.18,91,11.46,86,25.01,209,22.03,227,17.44,237,17.26,136,18.19,56,9.91192981600761,319
"2025","Drake",77.32,159,-1.73,337,-0.94,294,-0.11,190,0.96,70,2.4,12,-1.33,330,0.326841,358,24.4,318,23.1,71,18.7,216,15.89,302,21.86,119,20.43,164,43.53,48,22.71,244,11.45,304,9.81,222,12.48,67,30.21,64,14.97,358,13.79,346,17.53,123,23.48,1,4.36766892671585,339
"2025","Drexel",77.63,111,-1.39,304,-0.06,179,0.58,109,1.68,21,1.3,68,-0.72,275,0.717205,341,22.58,340,15.14,317,17.4,267,21.47,123,22.31,108,23.66,85,30.3,281,27.99,145,15.47,227,16.08,52,10.11,113,22.17,291,22.05,224,21.3,105,18.65,92,15.77,118,18.6829254031181,279
"2025","Duke",79.78,1,2.63,10,1.57,35,1.49,30,2.68,2,4.52,1,2.1,10,1.93559,129,30.91,192,14.45,334,27.83,8,22.7,83,16.25,325,18.73,227,48.62,16,18.36,320,11.2,309,13,116,8.72,166,25.36,199,27.39,61,13.78,347,19.69,67,13.72,216,21.0932493209839,266
"2025","Duquesne",76.82,241,-0.76,247,0.58,106,0.36,132,0.36,144,-2.45,337,-0.09,196,2.20206,88,38.55,33,19.67,161,15.7,318,21.53,119,24.29,48,18.78,225,43.72,44,21.77,258,20.55,113,10.33,196,3.56,354,28.65,97,20.34,279,25.8,25,12.17,334,12.98,253,35.135081410408,171
"2025","East Carolina",76.74,258,-1.56,330,-0.96,296,-1.35,330,-0.32,220,1.88,28,-1.26,318,2.64757,39,20.3,357,25.76,23,15.66,319,18.77,215,13.08,360,26.67,29,26.88,330,18.26,323,24.13,48,11.52,157,19.15,10,21.5,310,18.6,315,20.56,132,16.46,173,22.84,3,28.4436076879501,220
"2025","East Tennessee St.",76.65,270,-0.05,193,-0.98,298,-0.54,258,-1.07,299,-0.12,205,-0.52,244,1.9904,126,30.36,211,23.36,65,14.05,347,16.75,285,16.67,316,29.17,15,27.06,325,29.18,122,25.84,33,5.38,338,12.54,66,26.23,172,26.67,74,19.99,151,11.56,344,15.55,127,61.8328869342804,19
"2025","East Texas A&M",76.3,316,-1.39,304,-0.32,220,-0.53,256,-1.55,336,-0.72,254,-0.85,291,0.718781,340,41.87,11,19.71,157,18.74,214,25.31,34,20.84,160,15.35,327,41.13,81,17.56,334,20.3,118,11.1,171,9.85,126,28.19,117,26.3,82,15.9,299,16.86,159,12.69,270,18.0385321378708,284
"2025","Eastern Illinois",76.55,288,-1.32,302,-0.73,276,-1.7,344,-0.41,251,0.88,97,-1.03,309,1.05305,303,29.07,250,11.65,360,20.84,130,19.66,182,28.95,6,18.87,219,40.58,89,31.48,81,9.22,340,11.48,159,7.18,220,21.89,299,29.23,28,15.86,300,18.81,87,14.17,191,34.3763768672943,176
"2025","Eastern Kentucky",76.79,246,-0.81,258,-0.08,182,0.32,136,-0.38,244,-1.14,296,-0.44,230,1.45183,235,32.06,164,17.39,237,16.4,305,23.91,54,21,151,21.28,143,28.46,310,35.87,33,16.54,204,10.55,187,8.55,174,30.7,55,28.06,48,18.65,194,11.15,352,11.4,318,23.5487297177315,255
"2025","Eastern Michigan",77.31,163,-0.59,230,0.91,64,1.22,37,-0.15,198,-0.88,265,0.16,152,1.79899,163,22.36,342,16.16,289,27.07,14,13.18,353,19.69,219,23.85,79,39,113,35.72,37,14.02,247,4.28,356,6.88,232,18.98,345,22.8,197,20.6,129,16.74,162,20.82,19,28.6188751459122,219
"2025","Eastern Washington",77.41,142,-0.8,256,-0.72,274,0.09,168,0.91,76,1.57,50,-0.76,281,0.302639,359,32.59,150,19.97,148,15.72,315,18.49,222,29.3,4,16.45,297,32.5,240,16.42,339,18.01,174,13.91,97,19.09,11,23.92,241,18.71,311,17.54,233,18.6,94,21.14,14,9.45273637771606,324
"2025","Elon",79.67,2,4.53,1,2.02,12,2.22,8,1.35,46,2.2,17,3.27,1,1.18613,285,31.54,172,18.7,204,17.23,279,20.56,150,27.68,12,15.78,314,37.54,146,22.71,243,13.22,269,12.82,119,13.62,45,31.15,44,22.21,217,16.81,262,13.74,291,16.01,107,43.4141755104065,113
"2025","Evansville",78.32,37,0.83,94,2.07,11,1.89,11,0.85,82,-0.05,197,1.45,31,1.24637,271,24.37,320,20.75,120,14.69,335,20.62,149,17.23,295,26.66,30,33.85,219,25.56,192,18.84,154,16.01,53,5.68,299,22.66,277,20.76,265,21.89,91,18.32,100,16.31,99,29.4931054115295,212
"2025","Fairfield",76.03,340,0.38,145,-0.17,205,-1.34,328,-1.58,337,-3.16,358,0.1,160,1.76321,173,33.38,126,18.15,220,15.6,321,23.77,58,18.17,271,24.31,70,35.71,184,18.8,315,31.76,10,7.96,273,5.74,296,25.17,205,16.95,346,28.62,9,13.69,292,15.55,128,24.0036055445671,248
"2025","Fairleigh Dickinson",76.21,323,-1.97,351,-1.28,333,-1.24,323,-0.37,243,-0.12,205,-1.62,345,0.991687,309,24.91,313,17.09,249,18.81,213,18.43,225,30.68,2,14.93,335,40.65,87,19.33,306,12.12,293,14.98,69,12.84,61,28.53,100,18.62,314,16.67,267,22.18,19,13.93,203,38.4975492954254,147
"2025","FIU",76.82,242,0.68,103,-0.61,256,-0.87,291,-0.94,292,-0.2,220,0.04,170,1.22786,276,35.59,73,23.93,49,22.85,70,19.3,193,17.45,291,16.44,298,34.31,209,23.46,229,21.42,93,14.34,84,6.44,260,23.47,258,25.76,95,20.54,133,15.14,238,15.06,142,36.7940008640289,156
"2025","Florida",77.79,93,1.2,58,1.6,33,-0.64,273,-0.03,189,0.8,114,1.4,37,2.41614,62,28.61,263,18.28,218,17.52,263,19.04,202,23.37,70,21.76,131,40.29,93,33.66,54,9.09,342,6.47,315,10.46,106,30.38,61,23.82,160,14.08,343,15.84,200,15.85,116,53.280770778656,46
"2025","Florida A&M",77.14,189,0.89,90,0.61,102,-1.11,306,-0.13,196,-0.57,246,0.75,78,0.753814,335,35.04,84,15.08,318,16.64,296,15.51,309,23.4,69,29.32,13,30.85,269,21.66,259,25.62,35,13.37,107,8.37,181,24.84,214,23.72,168,19.15,176,17.01,149,15.19,141,27.1623462438583,231
"2025","Florida Atlantic",77.62,114,2.03,18,0.62,101,0.65,96,-1.11,301,-0.12,205,1.33,42,2.01461,122,33.34,128,23.45,64,25.68,24,16.96,274,17.23,297,16.64,291,36.11,173,32.55,69,17.84,179,5.78,326,7.64,209,30.85,53,25.49,109,15.43,321,14.53,258,13.66,218,2.75185257196426,346
"2025","Florida Gulf Coast",76.9,224,-1.08,286,-0.63,260,-0.38,241,0.21,160,0.37,150,-0.86,293,2.17201,94,27.71,275,21.83,99,19.83,171,17.81,246,20.75,167,19.72,189,33.22,227,25.84,189,22.8,63,13.51,102,4.55,338,23.7,245,23.97,156,20.7,119,15.01,241,16.57,92,36.1396640539169,165
"2025","Florida St.",79.33,4,1.88,24,2.39,6,1.89,11,3.09,1,1.38,62,2.13,9,1.34044,254,36.98,58,23.24,67,19.7,179,15.76,303,24.6,42,16.7,290,47.59,18,17.31,336,12.31,289,14.75,74,8.01,194,26.1,174,23.63,171,16.21,289,21.46,32,12.59,276,26.1139988899231,234
"2025","Fordham",76.38,312,-0.56,229,-0.5,237,0.55,112,-1.73,340,-1.88,330,-0.53,245,1.86806,148,32.82,143,17.2,244,16.89,292,17.54,253,16.66,317,31.69,3,37.59,145,23.33,232,20.85,106,11.8,147,6.41,263,26.43,165,25.66,98,20.04,149,14.18,274,13.67,217,49.4281828403473,65
"2025","Fresno St.",77.68,109,1.37,46,1.19,51,0.91,59,0.23,157,-1.32,300,1.28,49,0.426864,356,31.1,187,14.87,323,20.44,145,22.46,91,21.37,137,20.83,150,46.14,24,27.98,146,9.49,338,8.08,272,8.26,185,25.73,187,19.53,293,23.28,58,18.12,109,13.31,233,11.4668801426888,311
"2025","Furman",77.85,84,1.55,36,1.01,59,1.21,38,0.04,177,-0.59,247,1.28,47,1.23394,275,29.87,219,18.95,192,17.97,250,13.64,347,21.01,150,28.4,17,28.65,308,20.18,287,40.68,1,4.48,349,5.94,291,25.3,201,23.26,185,22.67,73,10.27,360,18.45,45,44.4900751113892,102
"2025","Gardner Webb",76.7,267,-0.73,242,-0.89,284,0.89,60,-0.15,200,-1.66,317,-0.81,286,1.75783,176,31.04,190,14.59,331,17.08,285,23.62,59,18.11,275,26.57,31,35.83,182,24.13,211,21.55,89,11.59,155,6.85,234,35.06,12,21.37,245,16.24,287,13.19,308,14.1,194,28.7108331918716,216
"2025","George Mason",77.53,126,0.44,137,0.51,114,0.06,171,0.68,94,-0.08,202,0.47,115,2.81728,24,34.03,108,20.32,135,23.95,47,22.3,97,14.53,353,18.87,220,31.48,256,27.12,163,14.02,245,21.24,16,6.07,285,22.6,281,28.5,38,13.54,349,20.29,52,15.03,143,36.9422912597656,154
"2025","George Washington",77.7,103,1.1,73,0.24,139,-0.31,232,0.14,167,1.29,71,0.67,89,1.65906,204,32.85,141,23.17,70,18.31,236,21.58,116,18.67,263,18.21,246,44.31,38,23.16,236,12.81,278,9.63,228,10.01,118,30.15,68,22.95,192,15.15,325,18.83,86,12.84,260,33.7527245283127,188
"2025","Georgetown",78.57,21,1.19,59,1.76,22,2.49,5,0.49,130,0.88,97,1.48,29,1.77099,170,26.71,291,20.23,140,21.75,101,19.31,192,19.27,243,19.45,199,31.57,255,26.01,183,21.92,78,9.16,239,11.34,88,30.18,66,22.77,201,20.35,138,13.32,303,13.39,230,20.200988650322,270
"2025","Georgia",78.9,10,1.61,32,1.68,27,0.22,144,1.68,21,3.3,3,1.65,24,1.86645,149,31.91,166,24.11,44,15.96,313,20.29,158,19.85,210,19.78,187,41.48,75,29.56,114,10.43,326,10.08,206,8.42,180,24.79,216,21.49,240,14.3,340,21,35,18.39,50,28.67731153965,217
"2025","Georgia Southern",77.27,170,-0.39,212,0.71,94,0.83,84,-0.12,194,-0.68,251,0.16,154,1.25943,269,39.07,31,16.82,261,14.62,339,21.17,129,19.54,226,27.84,22,35.45,187,28.69,131,17.41,189,8.77,252,9.65,131,28.51,101,21.52,239,22,89,14.33,264,13.62,221,35.954675078392,166
"2025","Georgia St.",78.22,45,0.43,138,0.83,81,1.35,32,1.82,18,0.63,128,0.63,95,1.7425,183,21.32,348,23.81,52,18.62,219,23.83,56,20.4,184,13.28,356,30.01,286,38.67,19,13.24,268,9.26,237,8.74,163,26.79,159,32.17,9,14.49,337,10.72,358,15.77,119,16.3858652114868,294
"2025","Georgia Tech",78.02,63,0.48,134,1.3,44,1.18,43,-0.32,220,1.46,57,0.89,70,1.91114,135,30.11,215,15.23,314,19.78,173,20.8,141,22.84,82,21.3,142,37.73,143,29.31,121,19.48,141,8.68,255,4.72,330,28.54,99,26.54,76,16.15,292,12.75,321,15.96,111,28.0438750982285,225
"2025","Gonzaga",77.31,161,0.53,126,0.87,77,0.31,137,-0.27,215,-0.9,268,0.7,85,2.98306,10,31.73,170,26.62,16,25.44,27,14,339,19.22,245,14.65,338,39.39,102,39.5,13,10.15,329,6.73,306,4.16,348,23.52,255,33.57,3,17.29,243,13.31,305,12.24,289,70.2883005142212,4
"2025","Grambling St.",77.09,196,0.01,187,0.71,93,-0.52,255,-0.88,285,0.13,181,0.36,131,0.892671,321,33.45,124,21.7,105,15.72,316,16.84,280,21,152,24.7,59,25.92,337,34.99,41,18.38,167,11.54,156,9.13,142,18.66,351,23.06,188,22.44,75,17.71,117,18.09,58,34.1356545686722,181
"2025","Grand Canyon",78.03,62,0.2,163,0.95,63,0.87,79,0.68,94,1.4,60,0.58,101,2.61115,44,31.66,171,19.82,152,24.91,35,21.15,132,17.31,292,16.77,289,41.87,69,19.35,304,16.43,206,10.59,186,11.7,80,27.96,122,25.68,97,20.81,117,13.64,294,11.85,308,57.8476130962372,28
"2025","Green Bay",76.32,315,-1.91,349,-1.83,352,-0.65,276,-0.9,287,0.88,97,-1.87,358,1.17865,288,37.99,43,20.23,139,27.15,12,17.82,245,20.32,188,14.41,341,23.54,348,20.02,290,24.48,40,17.92,30,13.98,40,24.37,226,19.8,287,18.3,210,19.95,59,17.51,71,35.3736877441406,169
"2025","Hampton",76.78,248,-1.24,298,-0.09,183,0.48,119,-0.87,283,-0.41,234,-0.66,264,1.82681,159,37.57,50,17.06,251,14.87,332,21.61,115,20.92,157,25.52,43,30.54,275,33.39,55,19.69,132,8.24,271,8.12,190,23.56,250,30.34,17,19.28,171,13.49,297,13.33,232,11.8397854268551,307
"2025","Harvard",76.63,274,-2.56,362,-1.53,340,-0.11,190,0.78,85,0.54,137,-2.04,360,1.30066,262,24.7,315,18.98,191,21.08,125,24.43,46,19.36,236,16.13,305,23.22,352,18.84,314,28.55,18,17.42,33,11.94,78,19.61,340,16.91,347,25.82,24,21.91,24,15.73,120,39.2513632774353,142
"2025","Hawaii",77.96,73,0.61,108,1.95,14,0.88,78,0.41,138,-0.08,203,1.28,48,1.57788,220,40.84,18,20.75,121,24.94,33,21.65,113,14.58,352,18.04,255,31.05,265,35.26,38,20.83,107,8.36,269,4.44,341,21.54,307,26.55,75,23.46,53,15.19,235,13.2,243,25.0145256519318,240
"2025","High Point",77.05,201,1.45,44,-0.12,199,-1.51,334,-0.51,256,-0.07,200,0.67,92,2.37143,67,37.38,54,15.3,311,23.38,63,15.58,308,22.83,83,22.88,105,46.96,21,28.63,132,8.49,345,9.11,240,6.77,241,36.69,4,18.74,309,15.62,311,14.79,248,14.12,193,52.8236925601959,48
"2025","Hofstra",77.04,206,0.01,186,-0.91,290,-1.5,333,-0.32,220,1.88,28,-0.45,231,1.40013,244,34.18,104,18.7,203,14.65,337,18.22,234,22.57,93,25.87,38,61.59,1,18.14,326,5.66,360,8.9,250,5.71,298,32.15,24,18.5,317,11.46,360,20.18,54,17.71,65,22.1661359071732,259
"2025","Holy Cross",77.26,172,-2.11,354,-1.09,306,0.89,60,1.9,17,0.71,121,-1.6,343,1.13652,293,26.46,295,15.67,303,20.21,156,22.3,96,23.91,58,17.91,262,29.72,290,28.32,137,21.54,90,15.03,67,5.38,309,24.01,238,18.17,327,21.21,106,20.93,38,15.68,121,46.6950654983521,84
"2025","Houston",76.87,235,-1.39,304,0.28,135,-0.65,274,-0.17,203,0.25,166,-0.55,249,2.64554,41,29.27,241,15.4,309,19.11,202,18.83,212,21.29,141,25.36,48,45.71,28,27.21,158,10.06,331,12.41,126,4.56,335,26.55,162,21.47,242,17.56,232,22.31,17,12.09,294,66.8191373348236,8
"2025","Houston Christian",75.84,344,-3.03,364,-1.34,337,-2.02,354,-1.32,318,0.88,97,-2.18,361,0.833342,327,29.84,221,14.19,338,11.08,363,16.35,291,28.88,7,29.51,11,31.79,252,33.15,59,11.98,294,9.61,229,13.47,46,14.48,362,23.93,157,18.42,204,20.35,50,22.81,4,9.36331078410149,325
"2025","Howard",76.77,251,-1.14,291,-0.46,236,-0.29,231,-0.15,199,-0.13,217,-0.8,285,1.80189,161,23.19,334,24.93,34,22.45,83,15.6,307,18.77,262,18.19,247,23.59,347,22.76,242,27.96,20,15.46,63,10.14,111,28.3,107,20.04,282,22.02,88,17.2,139,12.37,283,31.1863452196121,201
"2025","Idaho",76.77,252,-0.99,279,-0.14,203,0.14,160,-0.74,276,-0.45,238,-0.57,252,0.723751,338,33,134,21.28,112,20.3,152,19.89,174,22.08,115,16.44,299,38.5,124,10.77,362,22.43,72,17.58,31,10.71,102,29.63,81,19.37,297,25.45,28,13.65,293,11.9,305,33.5709124803543,191
"2025","Idaho St.",77.58,119,0.78,96,-0.09,183,0.64,98,0.4,141,0.13,182,0.34,133,0.674125,346,22.55,341,14,340,15.12,326,19.11,199,20.96,154,30.75,6,29.26,298,20.56,284,18.47,165,27.29,3,4.31,345,20.94,322,16.54,349,17.15,248,28.29,2,16.99,79,22.6291850209236,257
"2025","Illinois",78.83,14,2.07,17,1.59,34,2.05,10,1.97,14,0.47,142,1.83,15,1.07604,301,31.03,191,21.2,114,17.38,271,21.13,133,21.53,132,18.74,226,33.7,221,15.79,342,20.52,115,13.87,99,16.1,22,31.73,31,14.61,363,20.45,135,19.26,73,13.92,204,2.81557478010654,345
"2025","Illinois Chicago",76.52,292,-0.44,222,-0.69,268,-0.71,281,0.26,155,-1.84,327,-0.57,253,1.95082,128,31.32,175,23.61,58,17.38,270,16.14,298,17.57,288,25.25,50,54.4,3,13.44,356,16.55,203,10.49,189,5.04,319,38.72,2,14.89,360,17.95,225,13.38,300,15,145,21.535812318325,265
"2025","Illinois St.",76.17,330,-0.78,253,-0.93,292,-0.93,294,-0.94,291,-1.61,312,-0.85,292,1.90648,138,32.49,152,29.22,4,16.48,303,14.02,338,17.48,290,22.76,109,43.63,46,20.41,285,23.81,51,7.19,291,4.91,323,23.55,251,21.36,247,19.73,159,16.17,186,19.16,33,49.4232416152954,66
"2025","Incarnate Word",77.42,141,-0.8,257,0.22,142,0.19,152,0.71,93,0.75,118,-0.29,213,1.84836,154,26.07,302,15.86,301,13.84,351,22.93,78,25.19,33,22.14,123,39.33,104,29.79,111,21.44,92,3.08,363,6.32,272,25.55,193,26.85,71,19.19,173,14.39,261,13.98,202,27.7664422988892,227
"2025","Indiana",78.89,11,1.77,27,1.61,32,1.57,25,1.62,31,1.88,28,1.69,22,2.27349,77,30.87,194,25.67,25,25.13,31,16.84,282,14.16,357,18.17,249,42.51,59,23.88,219,13.49,261,12.09,137,7.98,197,33.92,15,23.48,174,16.58,274,11.54,345,14.44,175,40.7932341098785,132
"2025","Indiana St.",77.47,135,-0.73,243,-0.55,247,0.89,60,1.42,41,0.29,160,-0.64,262,1.11356,296,35.8,69,24.7,39,19.05,203,15.29,315,19.66,220,21.27,144,38.64,119,26.41,173,13.11,271,13.9,98,7.88,202,25.73,188,25.01,117,14.72,331,16.96,152,17.54,69,3.06402780115604,344
"2025","Iona",76.46,301,-0.85,263,-0.02,173,-1.66,341,-0.39,245,-0.83,261,-0.43,229,0.795792,331,39.28,26,21.16,116,18.55,223,12.86,357,21.35,138,26.06,34,23.85,346,36.01,32,20.17,122,6.15,320,13.78,43,27.15,148,22.52,207,16.16,291,12.82,318,21.33,13,0,357
"2025","Iowa",78.12,54,-0.08,197,0.91,74,1.79,17,1.98,13,-0.03,196,0.41,125,1.78313,168,33.26,131,21.67,106,22.69,75,19,205,19.08,251,17.52,273,39.1,110,24.7,204,18.98,152,6.69,307,10.45,107,25.4,196,27.44,59,19.08,180,15.4,224,12.63,274,51.1977195739746,57
"2025","Iowa St.",77.94,77,0.91,87,1.48,38,0.11,166,0.68,94,0.51,138,1.19,53,2.82565,23,29.49,235,19.3,177,21.6,104,14.86,322,24.85,40,19.33,206,45.18,32,18.94,313,16.07,215,7.62,281,12.11,75,24.03,237,25.86,93,19.12,178,19.11,77,11.8,309,56.1432719230652,35
"2025","IU Indy",76.63,276,-1.82,343,-0.76,279,-0.11,190,-0.29,218,0.08,186,-1.29,326,0.25516,362,22.21,344,18.71,202,16.27,309,27.13,16,23.84,59,13.98,347,41.81,72,34.68,43,11.32,307,8.52,260,3.58,353,29.88,76,30.33,19,18.17,216,11.5,346,10.05,345,0,357
"2025","Jackson St.",76.25,320,0.87,92,-0.63,261,-1,301,-1.21,310,-2.81,346,0.12,159,1.45618,234,38.51,34,21.58,107,17.59,261,17.76,249,22.69,86,20.37,168,35.41,188,28.92,125,15.7,222,8.75,253,11.21,92,22.63,279,24.29,145,18.32,208,21.98,22,12.78,266,11.1663229763508,312
"2025","Jacksonville",77.41,143,-0.39,212,0.79,84,0.12,165,-0.39,248,0.88,97,0.2,144,1.5649,221,34.31,99,16.51,272,22.47,81,23.07,69,20.72,168,17.2,278,39.06,112,23.4,231,11.09,311,11.72,152,14.7,35,25.72,189,23.98,154,18.23,214,17.95,111,14.08,196,38.2205754518509,150
"2025","Jacksonville St.",77.58,118,1.02,79,-0.09,183,0.86,82,1.18,58,-1.11,286,0.47,117,1.63332,206,30.67,198,14.62,330,17.25,275,19.28,194,28.77,8,20.01,178,40.76,84,35.12,40,10.66,319,7.36,287,6.01,287,26.82,158,26.5,78,17.85,228,17.18,141,11.58,314,19.9161976575851,273
"2025","James Madison",76.9,227,1.21,57,-0.41,233,-0.1,189,-0.83,281,-1.41,304,0.4,126,2.34466,69,28.88,255,19.54,167,12.51,359,17.81,247,22.35,104,27.77,23,35.03,194,23.03,238,32,9,4.98,343,4.88,324,22.64,278,23.82,161,22.33,77,16.94,156,14.23,189,10.7250086963177,315
"2025","Kansas",77.95,75,3.45,2,0.29,133,0.7,92,-0.17,202,-0.54,245,1.87,13,3.62674,1,28.74,257,27.97,10,18.06,244,18.47,223,19.85,209,15.65,316,43.71,45,28.01,144,15.48,225,6.46,316,6.35,269,36.17,6,17.59,335,15.3,323,17.13,144,13.8,208,44.0631449222565,108
"2025","Kansas City",77.53,125,-1.19,296,-0.7,269,0.63,101,1.49,36,1.41,59,-0.95,299,1.38112,249,28.72,258,13.31,350,20.84,131,18.54,220,27.06,16,20.23,171,26.62,332,17.65,333,12.38,288,32.34,1,10.95,98,20.61,327,18.88,305,19.05,181,22.68,14,18.74,42,60.5823040008545,22
"2025","Kansas St.",77.29,168,1,81,1.23,48,-0.62,269,0.54,126,-1.71,322,1.11,56,2.56155,48,24.35,322,17.82,228,24.03,46,20,170,19.36,237,18.73,228,30.14,282,43.23,2,4.37,363,18.05,29,4.1,350,27.47,138,27.95,52,15.51,313,16.2,185,12.78,265,15.8885434269905,295
"2025","Kennesaw St.",77.56,120,-1.13,289,0.3,131,0.52,115,1.02,66,1.07,83,-0.42,227,1.20552,280,29.74,226,13.36,348,17.66,257,20.34,156,22.86,80,25.72,40,43.88,41,25.91,186,15.48,224,10,210,4.63,332,28.31,106,25.54,106,22.12,84,14.63,253,9.32,361,29.6513497829437,211
"2025","Kent St.",75.38,355,-0.87,264,-1.08,305,-1.15,321,-3.14,362,-2.87,347,-0.98,303,2.15695,97,35.08,83,17.7,233,23.91,48,22.54,87,11.47,364,24.37,68,36.16,171,27.18,160,20.98,105,12.25,131,3.4,358,29.96,73,25.49,108,18.67,193,14.58,256,11.27,323,45.9353506565094,93
"2025","Kentucky",78.54,23,1.18,60,1.56,36,1.49,29,1.3,49,1.17,78,1.37,41,3.08292,7,39.08,30,18.46,210,20.92,128,20.35,155,20.81,165,19.45,198,29.61,292,31.17,85,7.3,354,16.85,43,15.05,30,23.43,262,29.8,21,16.1,293,17.41,126,13.24,240,0.0440722797065973,355
"2025","La Salle",76.8,245,-0.07,196,0.32,127,-0.24,226,-1.15,306,-0.9,269,0.13,157,1.90948,137,27.75,274,18.13,222,17.6,260,18.16,235,21.58,130,24.48,66,42.79,56,23.65,223,14.63,240,12.46,125,6.37,267,28.66,96,22.05,225,17.97,222,17.46,125,13.79,209,34.1142356395721,183
"2025","Lafayette",76.14,332,1.87,25,-1.81,351,-1.32,327,-1.74,342,-2.34,335,0.03,172,1.11918,294,34.5,94,20.55,127,27.64,9,17.86,243,15.7,334,18.23,245,34.95,198,16.52,338,21.85,80,14.04,93,12.61,63,29.05,87,16.53,350,20.32,139,18.17,103,15.89,113,46.5626686811447,85
"2025","Lamar",77.05,204,0.56,120,1.19,52,0.21,149,-1.94,345,-0.81,260,0.87,71,1.20237,281,30.84,196,19.27,180,18.51,225,13.65,346,22.85,81,25.7,41,29.87,288,37.8,22,19.27,147,6.67,309,6.33,270,22.55,282,29.38,25,19.85,154,14.44,260,13.72,215,46.9265699386597,80
"2025","Le Moyne",76.9,225,-1.39,304,0.87,78,-0.2,224,-0.67,266,-0.12,216,-0.26,209,1.01622,307,37.54,51,18.6,207,21.13,123,17.53,254,21.64,127,21.04,147,22.54,355,37.49,23,16.02,217,10.88,179,13.04,57,27.37,142,29.34,26,11.29,361,14.69,251,17.27,75,29.0676951408386,213
"2025","Lehigh",76.22,321,0.1,177,-0.92,291,-1.4,332,-1.32,318,-1.39,303,-0.41,226,1.60442,216,30.89,193,16.48,273,16.51,301,20.06,169,26.78,18,20.11,174,42.88,54,19.59,300,15.81,221,8.27,270,13.39,50,24.28,228,17.29,342,20.19,145,17.31,134,20.89,17,55.817586183548,37
"2025","Liberty",75.68,347,-1.26,299,-0.31,218,0,178,-3.12,361,-2.96,352,-0.78,283,1.89267,145,21.31,349,21.79,103,17.7,255,22.96,76,20.69,171,16.79,287,44.32,37,32.73,66,13.67,258,4.31,354,4.88,325,25.89,184,24.24,148,23.57,50,16.27,180,9.95,349,52.5454640388489,50
"2025","Lindenwood",76.91,221,0.12,174,-2.09,358,-0.58,265,0,187,1.08,82,-0.99,305,0.962045,313,29.28,240,16.82,262,23.27,64,22.65,85,19.74,216,17.49,274,35.26,190,23.86,221,20.73,108,12.15,135,7.93,198,23.72,244,23.73,167,19.84,155,19.46,70,13.21,242,12.1182426810265,305
"2025","Lipscomb",76.71,265,0.55,123,0.56,109,-2.11,356,-0.34,239,-1.12,288,0.55,103,2.68035,33,23.19,333,18.63,205,26.28,18,16.56,289,20.34,187,18.17,248,31.41,258,26.97,165,16.01,218,19.26,21,6.31,273,18.7,350,27.44,60,15.67,308,21.56,30,16.6,89,41.5399372577667,127
"2025","Little Rock",78.12,53,-0.41,219,0.64,100,1.32,34,1.26,50,1.77,39,0.12,158,1.14683,292,17.39,363,16.19,286,21.28,114,23.61,60,22.83,84,16.02,308,34.08,213,27.34,157,14.76,238,14.96,70,8.78,161,22.55,283,16.03,352,22.09,85,22.68,13,16.58,91,11.4928394556046,310
"2025","LIU",76.88,229,-1.43,322,-1.29,334,-0.11,190,0.71,91,0.48,140,-1.36,331,1.06192,302,28.62,262,13.96,342,17.09,283,22.29,98,22.43,102,24.23,72,33.36,226,23.52,227,20.31,116,16.89,42,5.93,292,24.08,234,17.43,337,22.15,83,15.64,211,20.69,22,9.74819511175156,322
"2025","Long Beach St.",78.33,36,1.04,76,1.72,25,0.34,135,0.79,83,1.75,42,1.38,40,1.61691,212,29.36,239,14.73,327,14.56,343,27.31,15,20.48,180,22.85,106,46.36,23,29.7,112,10.51,321,5.46,333,7.89,201,30.59,58,21.96,229,22.7,72,12.78,319,11.89,306,4.08988147974014,340
"2025","Longwood",75.5,354,-1.89,347,-1.34,338,-1.89,350,-1.78,343,-1.63,314,-1.61,344,1.78315,167,32.74,144,23.98,47,20.11,159,16.24,295,18.89,256,20.74,153,38.2,131,23.95,216,15.67,223,14.73,76,7.37,213,28.22,115,18.4,322,17.34,241,19.7,66,16.27,102,33.853480219841,186
"2025","Louisiana",76.2,326,-1.57,331,-1.18,326,-1.14,319,-1,296,-0.12,205,-1.37,333,2.00204,123,38.06,41,18.84,198,27.45,11,16.73,286,18.81,260,18.15,251,41.42,77,33.94,51,13.77,254,6.69,308,4.15,349,25.97,181,30.85,15,16.95,256,12.59,326,13.61,222,37.1581971645355,152
"2025","Louisiana Monroe",77.96,74,1.51,39,0.47,117,-0.57,263,0.66,114,1.68,45,0.99,62,1.67359,203,23.2,332,13.99,341,19.47,187,21.53,118,23.21,73,21.75,133,30.43,279,29.52,117,11.68,299,22.93,10,5.38,310,25.39,197,25.77,94,15.08,326,20.42,48,13.29,236,59.1218769550323,25
"2025","Louisiana Tech",76.96,212,0.76,98,-0.91,289,-0.99,299,-0.32,220,0.26,165,-0.08,191,1.22487,278,27.26,283,28.64,6,15.22,323,20.23,162,17.19,299,18.7,230,41.52,74,30.75,92,10.44,324,12.33,129,4.96,322,21.89,300,29.16,29,22.92,65,16.35,176,9.68,356,40.2413368225098,137
"2025","Louisville",77.95,76,1.61,32,0.32,129,0.89,60,0.02,183,0.88,97,0.96,64,3.16725,5,22.95,336,14.89,322,20.46,144,20.77,142,20.49,179,23.38,92,32.03,246,19.67,299,22.62,67,19.25,22,6.4,264,24.25,230,21.59,237,21.73,95,18.99,82,13.43,227,0.144245219416916,352
"2025","Loyola Chicago",77.78,95,0.12,173,-0.12,200,-0.01,181,0.68,94,2.2,18,0,175,2.47774,56,32.61,148,21.8,102,13.72,355,19.6,184,24.3,47,20.52,160,39.82,96,34.1,48,11.57,301,5.49,332,8.95,151,29.03,88,24.8,124,13.69,348,17.67,118,14.74,161,45.5022126436234,94
"2025","Loyola Marymount",78.91,9,2.22,14,1.34,42,1.61,21,1.97,15,1.37,63,1.78,18,2.55984,49,29.05,252,19.5,169,17.2,280,21.84,111,18.11,274,23.29,94,36.24,169,19.97,293,13.05,272,21.4,15,9.24,138,26.89,156,28.66,36,12.99,354,16.68,164,14.72,162,36.9170099496841,155
"2025","Loyola MD",77.33,157,0.61,108,-1.42,339,-0.68,277,0.64,115,1.48,54,-0.4,224,1.24516,272,24.07,326,28.19,9,18.86,210,16.89,277,21.84,120,14.17,344,49.27,13,19.52,301,14.77,237,7.74,278,8.64,168,31.07,47,16.98,345,14.63,334,20.31,51,16.96,81,44.3174988031387,104
"2025","LSU",77.09,197,0.42,140,0.35,126,-0.35,235,-0.32,220,-0.68,252,0.39,127,2.08417,114,36.24,66,16.37,276,20.56,143,16.18,296,20.82,163,26.03,35,29.43,296,38.88,18,19.96,127,6.59,312,5.1,318,25.12,207,25.97,87,15.78,304,15.87,198,17.22,76,13.4078994393349,302
"2025","Maine",77.22,176,0.54,125,-0.61,258,0.15,157,-0.2,208,0.2,173,-0.04,182,2.24879,80,24.01,327,16.08,293,23.81,51,25.84,27,19.69,218,14.57,340,49.81,12,14.61,349,7.88,351,14.24,87,13.42,47,21.01,320,29.49,23,18.36,207,14.37,262,16.74,85,52.3303747177124,51
"2025","Manhattan",75.14,360,-1.63,334,-0.9,287,-2.53,361,-2.58,354,-2.68,341,-1.27,320,0.849338,325,20.8,354,24.74,36,20.02,162,18.9,210,15.2,344,21.06,146,22.92,353,29.86,109,32.77,6,7.35,288,7,226,29,89,23.7,170,19.34,170,15.84,201,12.04,297,33.282008767128,194
"2025","Marist",76.85,238,-1.15,292,-0.57,248,-0.16,220,-0.17,201,0.24,167,-0.86,294,1.18159,286,30.59,201,25.51,28,14.04,348,19.75,179,23.21,72,17.44,275,34.97,197,30.15,100,13.77,255,3.82,359,17.21,15,22.14,295,23.87,159,20.64,123,14.22,272,19.07,34,51.7197906970978,54
"2025","Marquette",78.34,35,0.66,105,0.85,80,0.2,150,1.68,21,2.3,15,0.75,77,2.07309,115,26.24,300,15.99,296,21.76,100,16.25,294,26.78,17,19.17,212,27.88,317,20.56,283,17.05,197,9.78,224,24.65,1,19.12,344,21.64,234,20.18,146,20.64,42,18.38,52,65.7859981060028,12
"2025","Marshall",77.35,153,-0.8,255,0.3,132,-0.11,190,0.75,86,0.59,134,-0.25,208,2.31077,72,24.98,312,25.7,24,17.67,256,18.94,208,18.83,259,18.86,221,24.45,344,38.92,17,18.58,162,11.25,168,6.81,237,24.47,223,28.69,34,16.58,273,17.34,130,12.91,256,37.7168744802475,151
"2025","Maryland",77.5,129,0.37,147,1.11,55,-0.62,271,0.54,127,0.09,185,0.74,79,2.14823,98,24.55,316,23.52,61,19.7,178,15.46,310,20.86,159,20.43,163,30.01,284,41.49,6,9.09,343,8.66,256,10.72,101,32.93,18,31.77,11,14.83,329,8.93,363,11.5,316,25.4800766706467,238
"2025","Maryland Eastern Shore",76.76,256,-0.91,271,-0.03,176,0.22,143,-0.4,249,-1.12,288,-0.47,237,0.632384,350,38.17,37,11.92,359,17.27,274,28.51,9,18.45,265,23.84,80,31.47,257,34.51,44,19.08,151,9.95,212,4.97,321,21.68,305,22.03,226,23.56,51,19.97,58,12.74,269,0,357
"2025","Massachusetts",76.74,259,0.01,185,-0.11,198,-0.84,287,-0.88,284,-0.5,242,-0.05,185,1.30204,261,32.41,154,16.25,283,22.06,89,12.85,358,23.49,66,25.33,49,27.01,328,32.88,63,25.13,36,6.74,305,8.22,188,24.87,213,31,14,18,221,10.88,356,15.22,140,50.5535423755646,61
"2025","McNeese",77.04,205,-0.67,235,-0.9,286,0.07,170,0.11,170,0.57,136,-0.78,284,2.75992,28,34.63,92,15.04,320,19.47,189,18.03,239,27.74,10,19.73,188,38.21,130,22.85,241,20.01,125,9.95,213,8.98,150,27.95,123,23.59,172,18.19,215,14.76,250,15.51,129,41.3820028305054,129
"2025","Memphis",76.43,304,0.51,128,-0.57,249,-1.99,353,-0.72,274,-1.11,287,-0.03,181,3.15532,6,23.16,335,21.83,100,15.4,322,19.18,198,24.71,41,18.8,224,46.51,22,24.86,200,7.37,353,11.09,172,10.07,117,31.75,30,22.09,222,10.64,364,19.87,61,15.57,126,10.9508186578751,314
"2025","Mercer",76.42,306,-1.13,290,-0.21,208,0.43,123,-0.67,265,-2.37,336,-0.67,268,1.55084,224,27.02,287,22.64,84,12.59,357,15.41,311,21.01,149,28.33,19,50.37,10,9.48,363,20.61,112,11.47,160,8.01,193,26.98,153,13.39,364,24.68,38,14.86,244,20.05,26,18.379071354866,282
"2025","Mercyhurst",75.04,362,-2.18,356,-1.27,332,-1.62,340,-2.89,358,-2.87,349,-1.73,354,0.745873,336,29.2,245,14.26,337,26.37,17,21.84,110,19.28,242,18.25,242,33,232,11.52,361,38.62,2,10,209,6.86,233,30.03,70,15.67,355,20.63,124,15.71,208,17.96,62,NA,NA
"2025","Merrimack",75.51,353,-2.39,359,-0.91,288,-1.11,306,-0.93,290,-3.12,355,-1.65,350,1.28517,263,21.04,352,17.15,247,14.93,328,19.27,195,16.32,322,32.31,2,37.45,148,22.22,251,6.71,357,11.11,170,22.43,4,31.47,35,23.34,183,13.36,351,14.28,267,17.53,70,41.6706681251526,125
"2025","Miami FL",77.81,90,-0.02,190,0.39,120,1.02,49,0.72,90,0.93,94,0.19,148,2.43569,60,37.77,47,18.62,206,18.73,215,26.62,19,17.67,284,18.31,239,40.84,83,31.06,87,9.62,336,9.33,234,9.08,147,28.42,104,24.29,144,21.46,99,13,312,12.76,267,21.0475832223892,267
"2025","Miami OH",77.38,147,1.05,75,-0.3,217,0.64,97,0.1,171,-0.64,249,0.37,128,1.27295,266,33.72,114,19.25,181,24.33,40,21.63,114,20.58,176,14.15,345,42.26,63,12.31,360,15.11,230,15.38,64,14.88,32,26,179,18.06,329,25.25,34,17.85,113,12.79,264,38.7997597455978,146
"2025","Michigan",79.12,5,3.29,4,3.14,2,0.11,167,1.38,43,1.66,46,3.22,2,2.2466,81,29.05,251,28.36,8,21.37,109,13.91,341,17.64,287,18.73,229,33.97,216,26.28,178,17.29,190,13.39,105,9.07,148,30.96,51,25.45,110,13.96,344,15.36,227,14.28,185,21.6467380523682,262
"2025","Michigan St.",77.97,72,1.99,20,1.5,37,-0.36,237,-0.21,209,0.88,97,1.75,20,1.61727,211,41.29,15,16.88,256,19.98,163,21.79,112,23.17,74,18.15,253,32,247,36.75,28,18.64,160,9.04,246,3.51,355,24.8,215,31.97,10,16.33,285,15.35,228,11.51,315,46.4428603649139,88
"2025","Middle Tennessee",77.2,182,0.26,159,0.48,116,-0.65,275,-0.32,220,0.2,174,0.37,130,2.5113,53,31.13,184,23.52,62,16.93,289,14.35,333,21.8,122,23.39,91,45.31,30,21.84,256,12.16,291,9.71,225,10.96,97,31.93,28,20.95,261,15.99,298,19.35,71,11.75,310,42.0798629522324,120
"2025","Milwaukee",76.64,271,-0.76,246,0.91,75,-1.13,318,-1.32,318,-0.5,241,0.07,163,2.09369,112,30.59,199,16.3,279,19.48,186,19.72,181,21.22,143,23.27,95,29.04,304,39.14,16,13.7,256,7.6,282,10.52,105,18.59,352,32.19,8,16.4,281,11.32,349,21.49,11,40.1097476482391,139
"2025","Minnesota",77.62,112,1.49,41,0.73,90,-0.29,230,-0.72,273,0.88,97,1.11,57,3.18645,4,27.16,285,30.66,1,18.04,245,15.94,301,14.8,348,20.56,158,24.17,345,42.75,3,17.06,196,10.81,180,5.2,314,31.36,37,20.33,281,18.53,200,13.32,304,16.47,93,33.6079031229019,190
"2025","Mississippi",76.18,327,-0.88,265,-0.51,239,-0.9,293,-1.17,308,-1.67,319,-0.69,272,3.46427,3,30.49,204,24.88,35,21.26,115,13.28,351,21.7,125,18.82,222,35.66,186,34.07,49,17.93,178,9.53,230,2.73,363,30.17,67,20.82,263,18.28,212,17.16,142,13.49,226,40.294948220253,136
"2025","Mississippi St.",77.21,178,0.61,108,-0.07,180,0.54,114,0.91,75,-1.95,331,0.27,139,2.27833,75,33.08,132,22.91,76,16.94,288,14.25,335,20.39,185,25.45,46,38.15,132,26.04,181,23.04,59,10.24,200,2.45,364,33.23,17,22.46,209,16.47,277,16.78,161,11,331,41.529256105423,128
"2025","Mississippi Valley St.",76.1,336,-0.9,269,-0.65,263,-0.79,286,-1.53,335,-1.66,318,-0.77,282,1.02106,306,36.76,61,18.06,223,22.94,67,20.98,135,17.93,281,20.08,175,40.42,91,25.47,193,13.85,252,7.88,276,12.38,69,26.04,175,22.88,196,20.23,142,17,150,13.84,206,23.8108590245247,252
"2025","Missouri",78.29,39,1.24,56,1.67,29,0.47,120,0.19,164,1.88,28,1.45,30,2.66416,35,37.88,46,14.39,335,22.87,69,20.9,139,20.26,192,21.56,136,37,156,21.31,272,14.55,241,11.27,167,15.82,24,29.15,85,21.37,244,17.37,240,12.82,317,19.23,30,27.8481006622314,226
"2025","Missouri St.",75.8,346,-2.07,353,-2.98,362,-2.11,356,-0.73,275,0.88,97,-2.52,363,1.1932,283,27.07,286,16.55,271,19.96,164,22.86,81,16.98,305,23.6,88,32.62,238,39.28,15,12.7,281,9.17,238,6.19,277,27.93,125,24.28,146,19.14,177,14.24,271,14.35,179,0.0800848880317062,353
"2025","Monmouth",78.75,16,1.03,78,0.67,98,1.66,20,1.68,21,2.71,8,0.85,73,1.69983,196,27.65,276,15.55,306,16.5,302,32.41,1,19.97,205,15.57,318,31.03,267,35.8,35,5.29,361,10.68,184,17.17,16,28.85,92,24.22,149,14.11,342,16.13,189,16.67,87,41.9160127639771,123
"2025","Montana",76.55,287,-1.2,297,-2.09,358,-0.71,279,0.41,139,0.34,155,-1.64,348,2.58219,46,29.84,222,17.19,245,21.96,92,21.56,117,23.35,71,15.91,310,30.77,273,21.56,262,27.82,21,8.42,265,11.35,87,20.44,332,21.36,246,24.32,40,21.79,25,12.05,296,25.6674081087112,237
"2025","Montana St.",78.48,24,-0.45,223,0.29,134,1.79,18,2.61,6,2.13,21,-0.08,192,2.12428,104,40.79,19,20.46,129,19.51,185,28.1,10,19.06,252,12.8,360,20.03,359,26.61,169,18.68,158,19.18,23,15.42,28,20.07,336,17.63,334,25.32,30,18.48,95,18.44,46,45.2063292264938,96
"2025","Morehead St.",77.43,138,0.51,129,-0.51,241,-1.11,306,0.68,94,1.56,51,0,177,1.62307,209,39.15,28,19.42,174,23.12,65,18.79,213,19.46,230,19.21,211,38.46,126,23.95,217,19.37,145,11.67,154,6.56,253,24.1,233,24.27,147,19.96,152,15.58,214,16.1,106,16.8648883700371,290
"2025","Morgan St.",76.17,328,0.09,178,-0.09,196,-0.36,238,-2.04,347,-2.76,345,0,176,1.4077,241,33.5,120,16.29,282,20.44,146,21.43,126,16.59,318,25.18,51,37.97,136,21.36,270,21.99,76,8.48,263,10.09,114,28.12,119,22.28,215,20.19,144,14.81,247,14.49,173,65.3810739517212,13
"2025","Mount St. Mary's",76.94,218,-0.67,236,0.37,122,-0.18,223,-1.13,305,0.32,157,-0.15,202,1.41668,240,28.35,265,21.49,108,22.25,85,20.29,160,16.14,327,19.82,186,39.19,107,31.55,80,13.48,263,9.69,226,6.06,286,24.7,218,24.37,141,11.95,359,20.4,49,18.55,44,34.4882845878601,175
"2025","Murray St.",77.03,208,-2.03,352,-0.09,183,0.28,139,-0.06,191,1,86,-1.06,311,2.86273,20,22.13,345,21.72,104,20.81,132,17.36,261,20.6,174,19.49,195,34.98,196,29.46,120,21.41,94,8.52,261,5.6,301,27.94,124,24.05,151,19.99,150,13.97,283,14.01,201,41.0636246204376,131
"2025","N.C. State",76.95,217,0.54,124,-0.97,297,-0.85,288,0.02,185,-0.05,198,-0.21,205,2.45915,58,33.55,119,20.11,142,21.07,126,23.4,62,18.24,269,17.16,279,36.9,157,24.92,199,21.27,98,5.59,331,11.28,91,25.23,203,25.56,104,17.85,229,16.36,175,14.98,148,41.3425147533417,130
"2025","Navy",74.26,364,-0.36,209,-3.45,364,-3.5,364,-4.08,364,-3.32,360,-1.9,359,1.21494,279,23.49,329,16.19,287,17.71,254,15.29,314,21.78,123,28.98,16,45.3,31,24.79,201,16.42,207,6.77,304,6.62,250,31.15,45,27.5,58,12.24,358,14.86,245,14.17,192,61.0722124576569,20
"2025","Nebraska",78.24,44,1.51,40,0.79,83,1.14,46,1.32,48,0.42,147,1.15,55,2.79386,25,32.85,140,17.91,226,24.61,38,26.55,21,18.27,268,12.62,361,37.93,137,15.96,340,26.94,27,10.39,194,8.74,165,26.95,154,21.56,238,16.05,294,20.79,41,14.61,170,36.5403890609741,158
"2025","Nebraska Omaha",77.4,144,-0.89,267,0.91,64,0.45,121,-0.28,217,0.78,116,0.01,174,1.78799,165,31.14,183,10.43,363,21.21,118,24.64,44,20.05,198,23.64,87,38.1,134,19.99,291,19.53,136,13.38,106,8.94,153,19.23,342,24.7,127,27.08,16,15.31,229,13.64,219,46.1167752742767,91
"2025","Nevada",79,7,0.61,108,2.42,5,2.47,6,2.61,7,0.87,113,1.52,27,2.9436,13,34.38,97,19.49,171,27.14,13,22.9,79,14.41,355,16.02,307,39.43,101,20.87,280,19.49,140,13.35,108,6.78,239,21.06,318,21.67,233,23.9,46,15.48,219,17.84,64,44.5115864276886,100
"2025","New Hampshire",77.18,185,0.2,164,-0.45,234,-0.96,297,-0.27,214,1.33,65,-0.13,201,0.505707,354,34.65,89,17.02,253,17.15,282,13.9,342,29.17,5,22.71,111,40,94,30.5,95,12.52,284,10.76,182,6.09,283,28.46,102,20.52,271,14.55,336,17.23,137,19.16,32,8.59521999955177,328
"2025","New Mexico",78.48,25,0.61,108,2.2,10,2.1,9,0.56,124,0.88,97,1.4,35,2.45901,59,28.09,270,17.72,231,16.53,300,18.62,218,19.54,225,27.58,24,33.44,224,27.35,155,19.49,139,16.29,48,3.39,359,32.09,25,29.11,30,15.29,324,14.17,275,9.32,360,48.64302277565,71
"2025","New Mexico St.",76.44,303,0.35,150,-0.22,211,-1.59,338,-1.32,318,-1.05,283,0.07,166,1.72858,188,33.36,127,17.25,241,25.22,30,15.94,300,22.19,111,19.39,203,33.46,223,35.22,39,20.14,124,5.66,329,5.49,304,28.97,90,32.44,6,15.75,306,13.09,309,9.72,354,30.1739990711212,208
"2025","New Orleans",75.37,356,-1.01,280,-0.77,280,-1.74,346,-2.49,352,-3.17,359,-0.89,296,0.606174,351,41.59,13,18.34,215,28.91,3,19.79,177,19.97,204,12.98,358,38.48,125,28.27,140,16.79,199,8.49,262,7.91,199,25.45,194,31.06,13,15.47,316,13.94,285,14.05,199,19.1714510321617,276
"2025","Niagara",76.71,264,-0.12,200,-1.8,349,-0.45,246,-0.39,247,0.31,158,-0.96,301,1.25218,270,39.3,25,18.76,201,15.18,324,24.79,42,20.71,169,20.48,161,39.37,103,9.4,364,21.68,83,21.6,13,7.86,204,30.3,62,15.41,356,27.76,13,15.61,213,10.83,336,0,357
"2025","Nicholls",76.59,279,-1.39,304,-0.36,225,-0.51,251,-0.64,262,-0.19,219,-0.87,295,1.96603,127,38.49,35,13.69,345,21.94,93,19.21,197,25.6,29,19.5,194,29.27,297,27.43,154,19.88,129,12.36,128,10.98,96,26.76,160,26.51,77,17.88,226,15.75,207,13.02,250,56.7452371120453,34
"2025","NJIT",76.59,280,-1.55,328,-0.71,272,0.49,118,-0.2,207,-1.12,288,-1.13,315,0.652586,348,30.43,207,11.35,361,13.17,356,25.22,36,20.9,158,29.35,12,30.49,276,23.6,225,30.46,12,7.09,294,8.31,183,23.53,253,20.03,284,24.21,43,15.77,203,16.43,94,33.0720007419586,196
"2025","Norfolk St.",77.06,200,1.07,74,0.35,123,-0.94,295,-1.24,312,0.02,192,0.71,82,2.13031,103,35.31,80,15.23,315,20.7,136,15.36,313,24.52,45,24.13,74,31.93,251,34.14,47,19.83,130,7.84,277,6.17,279,22.78,271,27.23,64,23.08,63,12.75,322,14.08,198,44.5363014936447,99
"2025","North Alabama",75.94,343,-0.77,250,-0.75,278,-1.01,302,-2.67,357,-1.12,288,-0.76,280,1.86635,150,18.52,361,17.07,250,18.5,227,19.01,204,19.42,233,25.96,36,38.14,133,18.49,319,32.03,8,4.35,352,6.93,231,30.21,65,17.91,331,28.13,11,11.7,342,12,301,30.5536657571793,205
"2025","North Carolina",76.39,309,-0.16,204,-0.31,219,-1.12,317,-1.49,333,-0.99,278,-0.24,206,2.24062,82,29.6,230,18.32,217,16.82,293,22.97,75,18.2,270,23.65,86,38.85,116,26.11,180,14.02,246,14.76,73,6.17,280,30.14,69,20.55,270,17.32,242,17.03,148,14.9,154,47.3706364631653,78
"2025","North Carolina A&T",76.05,339,0.55,122,-2.4,361,-1.11,306,-0.25,213,-2.58,338,-0.92,298,0.990743,310,27.19,284,16.87,258,13.95,350,28.66,7,25.73,27,14.79,337,49.2,14,21.79,257,14.83,235,8.89,251,5.29,313,26.3,168,17.71,333,21,111,23.67,7,11.31,321,49.2275357246399,67
"2025","North Carolina Central",76.61,278,-0.9,268,-1.67,345,-0.79,285,0.45,133,-0.06,199,-1.28,324,1.46943,233,33.03,133,19.94,150,18.86,211,14.41,331,26.62,19,20.15,172,37.37,152,18.97,312,17.09,195,13.34,109,13.19,52,28.43,103,19.3,298,18.37,206,15.54,217,18.35,53,44.7302609682083,98
"2025","North Dakota",77.48,133,-0.79,254,0.21,145,0.89,60,0.39,142,0.68,126,-0.29,214,1.05188,304,29.55,232,17.31,239,20.66,138,26.58,20,15.06,346,20.39,166,34.88,200,21.45,265,6.01,359,13.43,104,24.23,2,26.04,176,18.93,302,14.45,338,21.73,26,18.85,40,42.1631574630737,119
"2025","North Dakota St.",76.55,289,0.61,108,-0.73,275,-1.67,343,-1.12,303,-0.39,233,-0.06,188,1.48571,232,28.42,264,22.39,90,21.24,116,26.94,18,16.15,326,13.28,357,26.25,335,28.83,128,22.59,70,12.2,133,10.13,112,28.77,93,22.78,200,22.52,74,12.84,316,13.09,249,41.6989028453827,124
"2025","North Florida",76.56,283,-1.87,345,-0.85,282,0.67,94,0.64,116,-1.81,326,-1.36,332,1.52859,227,32.13,161,25.29,31,21.8,99,20.31,157,12.62,363,19.93,184,36.4,165,22.48,247,18.66,159,13.18,113,9.22,139,23.66,247,21.83,231,29.34,4,12.69,323,12.43,282,46.7217713594437,83
"2025","North Texas",77.2,181,-0.39,212,1.44,39,0.04,175,-1,295,-0.12,205,0.53,107,2.86747,19,31.88,167,22.32,91,20.31,151,13.7,344,17.21,298,26.4,32,28.97,305,36.84,27,21.61,87,4.88,346,7.64,210,21.3,313,31.49,12,23.08,64,12.76,320,11.32,320,17.4304023385048,287
"2025","Northeastern",77.61,115,-0.96,276,-0.94,295,-0.02,183,1.68,28,2.28,16,-0.95,300,1.58705,218,25.63,307,12.16,356,26.13,20,21.08,134,20.36,186,20.24,170,45.04,33,15.58,344,6.83,356,24.87,5,7.63,211,22.25,289,24.96,121,16.38,283,26.65,3,9.73,352,42.0783162117004,121
"2025","Northern Arizona",77.49,132,-0.9,270,-0.11,197,0.89,76,1.09,63,0.46,143,-0.51,242,2.21323,87,28.32,266,16.71,268,16.25,311,31.06,2,21.3,139,14.63,339,36.27,167,21.27,273,4.9,362,24.38,6,13.11,54,36.7,3,23.72,169,14.28,341,11.46,347,13.77,211,49.8447418212891,64
"2025","Northern Colorado",76.96,215,-0.37,210,-0.61,259,-1.15,320,-0.32,220,1.2,74,-0.49,240,2.12258,106,26.49,294,20.31,136,24.24,42,23.43,61,18.04,278,13.95,348,42.84,55,24.26,207,18.55,163,8.98,247,5.31,312,16.46,359,25.7,96,23.38,55,19.47,69,14.97,150,48.3169227838516,73
"2025","Northern Illinois",76.56,286,-1.17,293,-1.86,353,-0.16,221,0.19,163,-0.23,222,-1.51,340,1.1487,291,32.19,159,15.65,304,22.85,71,26.14,22,20,201,15.31,329,34.78,202,18.25,324,9.85,332,30.77,2,6.25,275,17.74,357,23.78,163,22.75,71,21.57,29,14.09,195,11.7479830980301,308
"2025","Northern Iowa",78.01,66,0.37,148,0.38,121,0.63,102,0.88,78,1.77,40,0.37,129,1.75996,174,29.9,218,23.8,55,16.42,304,25.93,24,15.8,333,18.01,259,37.45,147,12.65,359,34.35,5,6.56,313,8.93,154,19.96,338,21.36,248,25.32,31,15.91,196,17.41,73,46.9984799623489,79
"2025","Northern Kentucky",77.56,122,-0.69,239,0.15,153,-0.16,219,0.68,94,1.79,38,-0.27,210,1.89976,140,26.43,296,15.97,298,25.97,22,18.31,228,22.1,112,17.61,270,34.35,208,29.93,106,12.72,280,5.91,323,17.03,17,25.57,191,26.34,81,20.91,115,14.59,255,12.54,277,51.7805695533752,53
"2025","Northwestern",78.31,38,2.1,16,-0.16,204,0.89,60,0.95,71,1.76,41,0.97,63,2.26258,78,32.62,147,12.68,352,28.85,4,19.45,190,20.54,177,18.46,235,37.41,150,28.46,135,19.48,142,8.43,264,6.16,281,21.83,301,18.82,307,28.67,8,12.63,325,18.02,60,51.4148414134979,56
"2025","Northwestern St.",76.41,308,-0.55,228,-0.37,228,0,180,-1.43,332,-1.63,315,-0.46,234,0.806172,329,37.17,56,14.56,332,22.13,88,13.54,349,24.01,53,25.74,39,35.94,178,26.58,171,22.59,69,7.47,285,7.36,214,26.23,171,27.55,57,23.85,47,12.97,313,9.35,359,7.28335008025169,330
"2025","Notre Dame",77.75,99,0.71,102,1.33,43,-0.28,229,0.68,94,0.28,162,1.02,61,2.05005,118,33.71,115,15.05,319,24.08,44,11.2,362,18.16,273,31.47,4,42.32,61,27.48,153,20.31,117,5.18,342,4.63,333,29.7,79,20.76,264,14.65,333,18.86,84,15.96,109,68.9057588577271,6
"2025","Oakland",76.83,240,-2.39,359,-1.07,304,0.51,117,0.78,84,0.3,159,-1.73,355,1.2718,268,31.29,176,15.74,302,26.14,19,19.51,187,21.57,131,16.99,281,19.96,360,37.92,21,27.61,22,6.29,318,8.15,189,19.54,341,27.12,67,19.46,166,13.47,298,20.35,24,25.914591550827,236
"2025","Ohio",76.13,333,-0.92,272,-1.1,321,-1.97,352,-1.26,314,-0.12,205,-1.01,307,1.8321,157,34.41,96,19.54,166,25.1,32,17.13,268,19.94,207,18.24,243,34.43,206,26.36,176,18.76,156,13.11,114,7.27,218,27.06,152,20.04,283,19.05,182,18.3,101,15.5,130,53.540450334549,45
"2025","Ohio St.",76.67,268,-0.01,188,-1.09,306,0.17,153,-1.34,327,-0.43,236,-0.55,247,2.15995,96,28.07,271,14.94,321,19.79,172,20.15,166,24.11,49,21,148,36.64,160,41.19,8,10.94,312,4.98,344,6.23,276,28.25,112,26.12,85,20.63,125,15.28,231,9.7,355,30.6285917758942,204
"2025","Oklahoma",77.15,188,0.75,99,-0.35,224,-0.64,272,-0.34,240,0.29,161,0.2,145,2.30448,73,34.75,86,16.14,291,22.84,72,19.91,172,23.14,75,17.91,261,54.38,4,19.16,307,9.52,337,9.85,218,7.05,224,23.92,242,25.26,113,19.49,164,18.13,107,13.15,246,24.8330622911453,241
"2025","Oklahoma St.",77.02,210,-0.3,206,0.13,155,0.51,116,0.02,184,-1.3,299,-0.08,195,2.8394,22,42.36,9,25.44,29,21.55,106,23.13,65,12.89,361,16.92,282,36.04,175,27.8,150,10.78,318,11.9,144,13.41,48,23.93,240,23.06,189,18.99,185,17.04,146,16.93,82,17.8874164819717,286
"2025","Old Dominion",78,67,0.5,130,-0.58,250,0.89,60,2.45,8,0.7,122,-0.04,184,1.40657,242,25.84,303,16.1,292,14.68,336,25.75,28,25.17,34,18.28,241,27.96,316,25.66,190,36.14,3,4.12,357,6.07,284,22.71,275,23.26,184,27.45,14,11.84,339,14.7,164,18.781054019928,278
"2025","Oral Roberts",75.84,345,-1.12,288,-1.1,320,-1.72,345,-1.83,344,-1.06,284,-1.11,314,1.69097,201,29.38,238,11.99,358,19.86,168,20.5,153,17.03,302,30.62,7,33.47,222,21.38,269,21.07,104,15.75,57,8.33,182,24.59,222,30.04,20,20.41,137,11.1,355,13.86,205,33.0526262521744,197
"2025","Oregon",77.49,131,1.69,30,1.77,20,-0.11,190,-0.95,293,-0.96,275,1.73,21,2.68889,31,29.26,243,25.4,30,19.27,195,18.11,236,16.51,319,20.71,154,36.52,161,32.99,62,13.79,253,10.43,192,6.27,274,31.19,42,23.26,186,16.73,263,15.54,216,13.28,239,40.5311822891235,133
"2025","Oregon St.",77.76,97,0.38,146,1.28,47,1.6,23,0.34,145,-0.8,259,0.83,74,1.45048,236,25.28,309,23.8,53,23.69,54,17.31,262,19.32,238,15.86,311,29.22,300,23.15,237,22.73,65,11.79,149,13.08,55,20.52,330,24.97,120,16.82,261,16.26,182,21.41,12,21.5925455093384,264
"2025","Pacific",77.68,108,0.64,106,-0.52,242,-0.25,228,0.68,94,1.83,37,0.06,167,1.33886,255,22.03,346,16.6,270,26.53,16,19.91,173,21.44,136,15.49,322,36.5,162,29.5,118,12.57,283,12.87,117,8.5,176,23.66,246,25.07,115,16.59,271,20.29,53,14.35,180,3.49037349224091,343
"2025","Penn",76.78,247,-0.09,198,-0.39,230,-0.41,243,-0.04,190,-1.17,297,-0.24,207,1.51275,229,32.93,137,17.23,243,23.46,59,24.38,48,21.03,147,13.83,349,39.7,97,18.57,318,21.31,97,10.92,177,9.41,135,27.14,149,23.47,175,20.16,147,14.84,246,14.3,183,46.8448996543884,81
"2025","Penn St.",78.07,58,1.01,80,0.91,64,0.55,111,1.66,29,0.21,171,0.96,65,2.48706,55,29.52,234,21.3,110,19,205,21.15,130,19.17,247,19.3,207,41.15,80,18.05,327,20.26,119,13.61,100,6.85,235,26.36,167,22.3,214,23.41,54,15.54,215,12.32,286,57.111668586731,32
"2025","Pepperdine",78.6,20,0.61,108,2.22,8,2.99,2,1.07,65,0.11,184,1.42,32,1.1889,284,24.81,314,16.08,294,18.02,248,27.84,12,18,279,20.04,177,31.28,260,38.15,20,14.04,244,11.06,175,5.4,308,21.56,306,24.65,131,23.36,56,15.65,210,14.74,160,3.69106642901897,341
"2025","Pittsburgh",78.44,26,1.93,21,1.84,18,0.87,80,-0.32,220,1.88,28,1.88,12,2.68384,32,24.08,325,16.72,267,18.15,241,17.57,252,22.71,85,24.84,58,35.28,189,24.23,208,14.02,248,14.21,90,12.26,72,21.12,316,21.22,253,18.09,219,21.53,31,18.03,59,49.9729335308075,63
"2025","Portland",78.77,15,1.91,22,2.24,7,0.6,105,1.38,42,1.71,43,2.08,11,1.91683,133,30.58,202,19.11,183,19.59,183,25.37,32,20.47,182,15.4,324,33.13,229,20.2,286,14.27,242,12.1,136,20.25,7,21,321,28,49,21.1,110,17.15,143,12.69,272,35.76839864254,167
"2025","Portland St.",77.75,98,-0.06,195,-0.32,221,0.43,123,1.37,44,1.33,66,-0.19,203,0.980449,312,27.53,279,20.03,145,24.39,39,19.02,203,18.51,264,18.02,257,42.24,64,26.61,170,19.64,133,4.46,350,6.99,227,31.36,38,24.99,118,14.44,339,12.2,333,16.98,80,23.6940562725067,253
"2025","Prairie View A&M",74.87,363,-1.73,338,-1.72,347,-2.53,360,-2.16,348,-3.52,362,-1.73,353,1.14895,290,33.32,129,13.83,343,22.82,73,25.44,31,14.39,356,23.44,90,31.09,264,29.54,115,15.13,229,14.24,88,9.92,120,30.91,52,22.6,204,19.37,168,13.22,307,13.82,207,6.09959587454796,336
"2025","Presbyterian",77.5,128,-1.09,287,0.23,141,0.92,56,0.54,125,0.88,97,-0.43,228,1.71414,193,30.53,203,18.91,196,22.89,68,16.45,290,17.19,300,24.53,64,48.21,17,23.31,233,16.32,211,6.43,317,5.67,300,27.75,130,22.9,195,22.2,80,14.66,252,12.46,280,43.7696546316147,110
"2025","Princeton",76.51,293,-1.06,284,-0.21,210,-0.58,264,-0.86,282,-0.76,255,-0.63,261,1.61647,213,29.74,225,16.3,280,18.01,249,22.1,101,23.56,65,19.96,183,24.79,342,31.82,77,22.64,66,11.9,143,8.74,164,18.96,347,27.63,55,20.78,118,20.07,56,12.47,279,62.1460020542145,18
"2025","Providence",77.12,190,0.76,97,-0.89,285,-0.48,248,-0.68,267,0.88,97,-0.07,190,1.89856,142,32.98,135,19.02,188,20.4,148,17.36,259,22.4,103,20.82,151,39.16,109,20.94,277,19.49,138,11.8,148,8.6,172,27.42,139,26.36,80,15.81,303,19.3,72,11.11,328,34.0340673923492,184
"2025","Purdue",77.21,179,0.43,139,0.65,99,-0.11,190,0.03,180,-0.96,276,0.54,104,1.73198,187,29.78,224,19.83,151,21.14,122,20.23,164,16.39,321,22.39,117,42.9,53,28.5,134,8.4,347,14.7,77,5.45,306,20.89,323,24.07,150,15.47,317,17.19,140,22.34,7,54.2289078235626,41
"2025","Purdue Fort Wayne",75.15,359,-1.18,295,0.22,143,-2.59,362,-2.54,353,-4.18,363,-0.48,238,1.90958,136,29.94,217,15.93,300,17.58,262,22.52,89,27.14,15,16.78,288,61.33,2,14.99,346,10.13,330,10,211,3.44,356,32.64,21,19.6,292,16.97,254,16.3,179,14.41,177,73.8475382328033,3
"2025","Queens",77.9,80,0.96,82,-0.09,195,0.34,134,1.19,57,1.07,84,0.43,121,1.75407,177,33.92,110,17.44,234,25.54,26,20.09,168,13.11,359,23.76,82,28.91,306,23.41,230,17.62,183,23.62,9,6.36,268,31.96,27,24.81,123,21.32,103,14.12,277,7.71,364,44.2132234573364,105
"2025","Quinnipiac",77.46,136,-0.99,278,0.07,161,0.99,53,1.2,55,0.01,195,-0.46,233,1.78207,169,32.29,156,18.93,195,17.89,252,24.15,50,23.44,68,15.55,319,38.61,121,22.57,245,17.95,176,11.74,150,9.09,146,23.02,268,24.5,137,22.84,66,14.95,243,14.64,168,60.8207821846008,21
"2025","Radford",77.52,127,0.08,180,0.55,110,-0.09,188,0.59,119,0.43,146,0.32,136,1.01361,308,38.15,38,18.84,199,13.77,354,21.38,127,24.54,44,21.47,139,43.03,51,28.8,129,14.78,236,5.4,337,7.99,196,30.96,50,21.4,243,18.92,188,13.74,290,14.98,146,12.0087258517742,306
"2025","Rhode Island",77.32,158,1.11,70,0.14,154,-0.55,259,-0.28,216,0.16,177,0.63,96,2.2763,76,32.4,155,19.04,187,21.3,113,18.32,227,17.01,303,24.3,71,51.7,8,26.39,175,11.7,297,2.97,364,7.18,221,34.12,14,23.9,158,18.17,217,9.51,361,14.27,186,38.3274137973785,148
"2025","Rice",77.99,69,1.1,72,0.96,62,0.4,130,0.68,94,0.8,115,1.03,60,1.85633,153,37.42,52,20.64,125,19.69,180,17.24,263,20.01,199,22.37,118,40.68,86,32.83,64,12.14,292,7.55,284,6.72,242,28.26,111,22.53,206,17.16,247,16.14,187,15.84,117,18.8890665769577,277
"2025","Richmond",76.63,275,1.16,63,0.99,61,1,52,-2.91,360,-3.12,355,1.07,58,2.18414,91,38.04,42,21.83,101,21.88,96,17.72,250,21.11,146,17.41,276,43.54,47,19.95,294,12.86,277,10.92,176,12.68,62,31.78,29,25.2,114,17.95,224,14.28,268,10.73,341,28.1443238258362,223
"2025","Rider",76.87,236,-0.7,240,-1.25,330,-0.37,239,0.27,151,0.36,151,-0.97,302,1.69312,199,31.05,189,21.96,94,21.35,110,22.99,74,22.3,109,11.38,364,40.73,85,21.43,266,19.55,135,11.67,153,6.58,252,27.4,140,18.7,313,20.22,143,18.74,90,14.92,153,33.9083671569824,185
"2025","Robert Morris",76.9,226,-0.66,234,-0.27,214,-0.11,190,0.02,182,-0.51,244,-0.46,235,1.44466,237,26.8,288,22.81,81,20.27,154,18.86,211,19.15,249,18.88,218,32.99,233,29.9,108,17.19,192,11.08,173,8.79,160,35.31,10,21.48,241,14.73,330,16.08,190,12.36,284,11.6598300635815,309
"2025","Rutgers",78.72,17,0.61,108,1.94,15,1.15,45,1.9,16,1.99,25,1.28,50,1.55928,222,39.1,29,20.11,141,20.91,129,18.09,237,26.03,24,14.84,336,31.33,259,23.2,234,22.82,62,9.28,236,13.33,51,26.95,155,21.29,252,19.79,156,18.66,91,13.29,235,15.1051476597786,298
"2025","Sacramento St.",76.9,223,0.91,88,-0.52,243,-0.48,247,-0.47,255,-0.95,274,0.19,146,0.795825,330,33.3,130,28.9,5,17.4,268,17.93,241,21.71,124,14,346,39.09,111,19.01,310,11.66,300,19.02,24,11.15,93,30.99,49,20.6,268,17.19,245,17.39,127,13.75,214,30.4440081119537,206
"2025","Sacred Heart",76.78,249,-1.47,323,-1.09,306,-0.05,185,0.2,162,0.27,164,-1.28,322,1.2391,274,32.83,142,19.06,186,23.62,55,18.25,231,23.48,67,15.52,321,23.36,350,30.08,102,18.13,171,16.9,41,11.47,85,22.34,288,27.17,66,16.3,286,17.29,135,16.83,83,9.76795330643654,321
"2025","Saint Francis",76.3,317,-1.54,326,-1.59,343,-0.42,244,-0.7,270,-0.26,226,-1.57,342,0.644769,349,30.37,210,18.45,211,19.88,166,16.17,297,22.53,98,22.9,103,47.33,19,23.6,224,9.84,333,11.37,162,7.75,208,27.29,144,20.37,278,18.46,202,19.73,63,14.08,197,27.7651011943817,228
"2025","Saint Joseph's",77.39,146,0.14,170,1.04,58,-0.13,216,-1.02,297,0.88,97,0.59,100,2.2294,85,22.85,339,18.41,213,19.12,200,14.86,323,22.06,116,25.51,44,34.14,211,26.95,166,21.58,88,10.26,198,6.99,228,27.21,146,24.85,122,16.69,266,19.19,74,12,299,53.9741933345795,43
"2025","Saint Louis",76.88,230,0.27,158,0.07,162,0,179,0.96,69,-2.93,351,0.17,151,2.95049,12,13.97,364,24.69,40,14.71,334,21.52,121,15.32,342,23.74,83,25.14,341,40.1,10,16.02,216,10.72,183,8.01,195,27.14,151,28.17,47,17.46,235,15.16,237,12.05,295,23.8236472010612,251
"2025","Saint Mary's",78.4,31,1.54,37,1.08,56,0.91,58,0.58,122,1.88,28,1.31,44,1.69338,198,19.28,359,20.34,134,21.34,111,15.07,317,22.64,90,20.56,159,42.11,65,26.4,174,22.99,61,3.96,358,4.47,340,24,239,27.96,51,18.98,186,12.58,327,16.43,95,46.7851132154465,82
"2025","Saint Peter's",77.31,164,0.15,169,0.04,167,-0.14,218,0.57,123,-0.1,204,0.1,162,1.17989,287,29.01,253,13.78,344,18.2,239,23.94,53,19.59,222,24.48,65,30.78,272,30.93,90,10.85,316,14.54,79,12.87,60,28.04,121,22.03,228,11.18,362,22.74,12,15.97,108,40.4799997806549,134
"2025","Sam Houston St.",76.82,243,0.78,95,0.07,163,-0.11,190,-1.11,302,-1.57,310,0.42,124,1.34509,253,31.85,168,16.83,260,18.63,218,27.08,17,19.75,215,17.71,268,39.28,106,30.77,91,17.71,180,5.18,341,7.05,223,25.58,190,23.44,178,18.71,191,13.89,286,18.38,51,34.2564433813095,178
"2025","Samford",76.46,299,0.28,156,-1.04,301,-0.71,280,-1.39,329,-0.86,263,-0.38,223,1.91442,134,37.09,57,26.55,17,17.33,272,22.72,82,14.92,347,18.39,236,36.41,164,19.14,308,18.44,166,15.59,59,10.33,109,22.14,294,25.33,112,19.35,169,15.49,218,17.61,66,30.0266325473785,209
"2025","San Diego",77.99,71,1.15,64,2.55,4,0.91,57,0.3,148,-1,279,1.85,14,0.53544,353,41.17,16,19.01,189,18.84,212,19.92,171,19.16,248,23.04,97,41.9,68,29.13,123,15.35,228,6.96,299,6.65,248,25.38,198,33,4,19.69,160,10.62,359,11.29,322,24.4098111987114,245
"2025","San Diego St.",78.13,52,1.72,29,1.9,16,1.21,39,-0.13,195,-0.07,201,1.81,17,1.52686,228,33.61,118,16.77,264,19.66,181,20.89,140,23.11,77,19.56,192,41.03,82,25.59,191,14.73,239,9.07,243,9.54,133,22.37,287,22.75,202,20.43,136,19.75,62,14.68,166,12.1223032474518,304
"2025","San Francisco",77.5,130,1.26,54,0.16,151,0.6,104,0.13,168,-0.7,253,0.71,83,1.77065,171,33.81,112,15.57,305,14.91,329,22.32,95,24.94,38,22.2,121,29.98,287,29.06,124,23.13,58,8.69,254,9.06,149,22.61,280,22.33,212,23.1,62,16.03,192,15.87,115,43.5992389917374,111
"2025","San Jose St.",77,211,0.4,143,-1.8,350,-0.11,190,0.02,181,0.47,141,-0.7,274,1.84251,155,33.49,121,16.23,284,17.29,273,24.97,40,22.09,114,19.36,204,43.77,42,19.82,297,17.09,194,10.11,204,9.11,144,28.15,118,25.55,105,15.46,318,15.42,223,15.35,135,6.70399963855743,332
"2025","Santa Clara",78.42,28,1.66,31,1.17,53,1.89,11,1.82,19,-0.49,240,1.41,33,2.13242,102,35.25,81,22.44,89,15.13,325,22.18,100,19.49,229,20.71,155,25.52,339,39.35,14,15.04,231,16.64,46,3.41,357,27.56,135,28.33,43,15.84,301,15.38,226,12.85,259,69.0243363380432,5
"2025","Seattle",76.73,263,-0.83,260,0.73,91,-1.59,339,-0.47,254,-0.23,221,-0.05,187,2.04686,119,35.61,72,16.22,285,25.3,29,19.47,188,16.76,312,22.19,122,32.05,245,39.79,12,12.47,285,9.07,244,6.55,254,21.04,319,36.31,1,14.72,332,12.21,332,15.67,122,39.1993582248688,143
"2025","Seton Hall",78.27,42,-0.02,189,0.13,156,0.59,106,1.68,21,2.94,5,0.06,168,1.7339,186,40.85,17,14.68,329,18.18,240,16.84,281,25.27,31,25,55,33.36,225,26.78,168,10.81,317,16.84,44,12.18,73,23.24,265,17.26,343,16.41,280,20.57,43,22.48,6,20.1625987887383,271
"2025","Siena",77.03,207,1.34,47,0.03,168,0.14,159,-0.53,258,-1.86,329,0.69,88,0.41996,357,26.27,298,14.84,324,20.07,161,22.06,102,19.32,239,23.66,84,38.53,123,15.73,343,25.86,32,11.96,142,7.85,205,23.06,267,20.45,274,25.3,32,18.38,97,12.74,268,6.24912492930889,335
"2025","SIUE",77.21,177,0.51,127,0.77,86,-1.11,306,-0.01,188,-0.12,205,0.64,94,1.53234,226,25.27,310,19.42,175,19.27,194,13.62,348,17.76,283,29.92,10,34.71,203,30.19,98,10.91,314,14.38,83,9.81,127,24.18,231,24.39,140,14.58,335,16.99,151,19.86,28,36.2411677837372,162
"2025","SMU",78.17,47,3.18,5,1.23,49,0.01,177,0.34,146,0.06,190,2.2,6,2.77453,27,33.93,109,19.8,153,16.73,294,21.35,128,21.52,133,20.57,157,34.79,201,30.01,104,16.07,214,10.5,188,8.57,173,24.11,232,22.13,220,22.07,86,14.97,242,16.68,86,28.6298334598541,218
"2025","South Alabama",76.01,341,-2.35,358,-1.12,324,-0.11,190,-1.29,316,-1.12,288,-1.73,356,0.687363,343,34.43,95,22.92,74,25.4,28,11.17,363,16.98,306,23.51,89,24.53,343,25.04,197,26.8,28,14.31,85,9.3,136,23.47,259,27.1,68,24.87,37,13.3,306,11.24,324,15.115137398243,297
"2025","South Carolina",77.56,121,0.59,117,0.61,103,1.49,28,0.13,169,-1.05,282,0.6,99,1.89454,144,32.05,165,19.57,164,27.47,10,16,299,15.19,345,21.71,134,37.19,154,28.09,143,16.36,209,9.1,241,9.19,141,27.89,127,28.45,40,20.93,113,9.47,362,13.18,245,44.1595911979675,106
"2025","South Carolina St.",77.48,134,0.49,131,-0.59,255,0.89,60,0.3,149,0.28,163,-0.05,186,1.32947,257,43.74,5,23.5,63,12.58,358,24.1,51,21.52,134,18.3,240,31.04,266,15.86,341,30.03,14,13.22,110,9.86,124,26.46,164,16.41,351,22.05,87,19.72,65,15.36,134,65.1677072048187,14
"2025","South Dakota",77.36,150,0.55,121,-1.67,346,-1.11,306,0.68,94,2.31,14,-0.56,250,1.83949,156,38.09,40,16.77,263,18.38,235,19.58,185,20.29,189,24.92,56,36.8,158,13.51,355,17.49,185,17.11,38,15.01,31,24.08,235,18.4,323,21.14,109,23.32,10,13,252,49.0243554115295,68
"2025","South Dakota St.",77.17,186,1.52,38,-0.18,206,-1.19,322,-0.39,246,0.06,191,0.67,91,0.770249,334,31.21,179,27.91,11,16.9,291,17.49,255,20.83,161,16.81,284,53.15,6,22.02,255,10.39,327,4.45,351,9.91,122,35.44,8,17.74,332,16.59,272,13.04,311,17.11,77,20.008397102356,272
"2025","South Florida",76.56,284,0.4,142,-1.11,322,-0.11,190,-0.41,250,-2,332,-0.36,218,2.06674,116,35.43,77,23.61,59,17.65,258,20.68,147,16.26,324,21.75,132,35.24,192,31.87,75,18.23,169,7.64,280,6.96,230,35.76,7,22.48,208,14.93,327,12.49,329,14.28,184,36.7511779069901,157
"2025","Southeast Missouri",75.53,351,-0.13,201,-1.33,336,-1.8,347,-2.36,349,-2.74,343,-0.73,276,0.912342,319,31.52,173,15.97,297,20.58,142,19.39,191,19.94,208,24.1,75,42.3,62,26.01,184,13.98,249,11.35,163,6.32,271,28.59,98,22.37,211,21.38,101,16.9,158,10.73,342,45.4882264137268,95
"2025","Southeastern Louisiana",76.77,250,0.92,86,-1.09,306,-0.14,217,-0.79,279,-1.06,285,-0.08,193,2.14417,99,28.26,267,16.07,295,23.1,66,19.64,183,19.72,217,21.46,140,32.65,237,27.14,162,21.67,85,9.32,235,9.2,140,20.13,335,21.61,236,20.24,140,19.58,68,18.42,48,21.6186493635178,263
"2025","Southern",76.05,338,-0.68,237,-1.9,356,-1.11,306,-0.82,280,-1.26,298,-1.29,328,0.685091,344,46.61,1,18.95,193,21.56,105,20.29,159,22.65,88,16.54,292,32.44,242,36.53,30,13.03,273,5.41,336,12.56,65,30.99,48,24.52,134,18.63,195,12.07,335,13.76,212,21.0474699735641,268
"2025","Southern Illinois",77.8,92,-0.64,232,-0.51,240,0.42,126,1.68,21,2.02,23,-0.57,255,1.44126,238,28.05,272,18.81,200,20.79,133,20.94,137,25.92,26,13.5,354,38.31,128,21.52,263,12.61,282,15.48,62,12.01,77,29.69,80,22.93,194,16.16,290,16.52,169,14.64,169,15.4273122549057,296
"2025","Southern Indiana",76.47,296,-0.93,273,-0.59,253,-0.11,190,-0.36,241,-1.68,321,-0.76,279,1.08091,300,29.83,223,24.11,45,14.03,349,27.6,14,22.32,106,11.89,362,32.61,239,17.38,335,21.19,99,17.12,37,11.64,83,31.98,26,22.17,218,15.61,312,17.72,116,12.49,278,30.6774735450745,203
"2025","Southern Miss",76.11,335,-2.39,359,-0.55,246,-0.55,261,-0.58,261,-1.38,302,-1.47,338,1.88832,146,29.53,233,21.4,109,21.81,98,15.01,319,22.34,105,19.42,200,30.88,268,26.92,167,22.61,68,10.32,197,9.24,137,26.68,161,28.25,44,17.18,246,14.48,259,13.39,229,20.7243099808693,269
"2025","Southern Utah",77.11,193,-0.05,194,0.42,118,-0.11,190,0.17,165,-0.93,272,0.18,149,1.08561,299,41.48,14,16.33,278,17.03,287,30.7,3,22.57,92,13.28,355,35.24,191,27.83,148,12.9,276,16.12,51,7.83,206,26.88,157,27.18,65,16.71,264,17.39,128,11.75,311,28.8928478956223,214
"2025","St. Bonaventure",78.28,41,1.27,52,0.35,124,1.18,42,0.88,79,1.69,44,0.81,76,1.30461,260,17.9,362,21.92,95,16.26,310,20.62,148,22.48,100,18.67,231,32.78,235,20.63,281,24.31,45,14.86,72,7.35,215,19.87,339,20.96,260,23.52,52,22.31,16,13.29,237,7.02796801924706,331
"2025","St. John's",78.19,46,0.45,135,0.18,148,1.6,22,2.05,11,0.63,129,0.32,137,2.34504,68,26.27,297,20.04,144,18.02,247,25.35,33,18.98,255,17.6,271,37.79,138,23.48,228,19.91,128,10.1,205,8.69,167,21.77,303,16.61,348,24.28,41,19.17,75,18.14,57,19.6884870529175,275
"2025","St. Thomas",76.39,310,-0.97,277,-1.09,306,-0.86,289,-1.32,318,0.15,178,-1.03,308,1.32953,256,31.1,188,17.83,227,19.43,190,20.24,161,23.66,64,18.82,223,33.09,231,13.74,354,18.79,155,14.54,80,19.82,8,20.55,329,27.69,54,19.41,167,17.04,147,15.3,139,47.8366106748581,76
"2025","Stanford",78.65,19,3.29,3,1.62,30,0.96,55,0.98,68,0.39,149,2.46,4,1.38962,248,25.42,308,29.41,3,13.78,353,15.7,304,21.81,121,19.25,208,36.03,176,24.11,212,18.95,153,9.88,216,10.98,95,39.99,1,14.84,361,21.69,97,11.19,351,12.24,288,24.0875333547592,247
"2025","Stephen F. Austin",77.83,86,-0.03,191,-0.09,183,0.68,93,1.62,32,0.94,92,-0.06,189,1.69202,200,32.69,146,19.55,165,14.89,330,25.02,39,18.06,276,22.44,116,30.01,285,24.02,214,12.22,290,19.33,20,14.38,37,25.91,183,17.03,344,15.65,309,22.32,15,19.05,35,46.0341900587082,92
"2025","Stetson",77.81,89,1.28,51,0.58,107,0.89,60,1.17,59,-0.87,264,0.93,68,0.84583,326,34.63,91,19.67,159,16.37,306,23.02,72,17,304,23.9,77,30.3,280,14.04,351,24.24,46,18.44,25,12.92,59,26.19,173,17.4,339,25.26,33,18.14,105,12.97,254,18.1883737444878,283
"2025","Stonehill",77.1,194,-1.39,304,0.05,166,-0.76,283,0.68,94,0.89,96,-0.67,266,1.15537,289,29.85,220,23.19,69,24.71,36,15.03,318,16.68,315,20.37,169,21.08,358,34.34,45,23.73,52,12.23,132,8.61,171,22.19,290,25.56,103,23.58,49,14.17,276,14.47,174,33.1839740276337,195
"2025","Stony Brook",77.36,149,-0.33,208,-1.04,300,0.19,151,0.07,173,1.88,28,-0.69,270,1.93165,130,27.53,278,17.92,225,18.57,222,14.79,325,31,1,17.73,267,38.62,120,13.81,353,27.57,23,14.5,81,5.5,303,14.57,361,23.43,180,31.08,2,17.6,120,13.3,234,23.8965138792992,249
"2025","Syracuse",77.7,105,1.11,71,0.28,136,0.87,81,0.71,92,-0.51,243,0.69,87,2.46932,57,34.35,98,22.92,73,19.22,196,17.98,240,24.59,43,15.26,330,44.23,39,22.3,249,17.69,181,9.07,242,6.65,247,36.65,5,18.41,321,19.93,153,14.07,280,10.89,334,30.1747649908066,207
"2025","Tarleton St.",76.17,329,-1.9,348,-0.67,265,-1.53,337,-1.31,317,0.24,169,-1.28,323,0.448307,355,33.44,125,25.86,22,25.98,21,13.96,340,14.63,351,19.51,193,21.22,357,33.28,57,17.53,184,20.11,18,7.82,207,21.98,297,25.52,107,18.46,201,18.64,93,15.35,136,5.57545684278011,337
"2025","TCU",77.85,85,0.72,101,0.41,119,0.88,77,0.27,152,0.94,93,0.56,102,1.92175,132,34.98,85,14.29,336,18.31,237,21.93,105,22.48,99,22.97,100,41.92,67,19.88,295,14.96,234,11.07,174,12.12,74,27.56,134,21.8,232,15.75,305,14.31,266,20.54,23,7.34534561634064,329
"2025","Temple",77.7,104,0.22,160,0.35,125,0.06,173,0.68,94,1.15,80,0.28,138,2.31851,71,32.93,136,20.39,131,19.7,177,17.06,271,16.91,309,25.87,37,19.93,361,33.14,60,17.97,175,21.9,12,6.99,229,25.41,195,24,153,16.7,265,20.84,40,12.97,255,35.2175831794739,170
"2025","Tennessee",77.15,187,1.26,55,1.22,50,-0.39,242,0.68,94,-3.04,354,1.24,51,2.92771,15,25.05,311,17.7,232,19.85,170,27.87,11,15.47,337,19.05,216,35.85,181,32.43,70,7.9,350,15.53,61,8.23,187,28.23,113,24.59,132,17.57,231,16.54,167,13,251,36.3157480955124,160
"2025","Tennessee Martin",76.89,228,-1.55,329,-0.09,183,1.02,50,-0.78,278,-0.14,218,-0.82,288,0.294619,360,39.86,21,14.81,326,17.16,281,21.99,103,23.97,55,22.05,124,37.69,144,20.15,288,23.84,50,8.38,267,9.93,119,23.49,256,20.55,269,28.19,10,14.35,263,13.39,228,0,357
"2025","Tennessee St.",77.69,106,0.4,141,-0.59,252,0.43,122,1.49,37,0.68,125,-0.09,197,0.957561,314,34.22,100,21.86,97,20.64,139,21.92,107,20.17,195,15.39,326,41.21,79,18.24,325,17.62,182,16.92,40,5.97,288,31.17,43,24.76,125,18.67,192,15.4,225,9.98,348,2.52789296209812,347
"2025","Tennessee Tech",75.67,348,-1.6,332,-1.18,327,-1.3,326,-2.46,351,-1.12,288,-1.39,336,0.91691,318,32.6,149,19.45,173,19.9,165,22.99,73,15.32,343,22.28,119,42.92,52,23.82,222,18.54,164,3.35,362,11.31,90,22.75,272,25.33,111,25.12,36,11.15,353,15.61,125,36.2109005451202,163
"2025","Texas",78.02,64,0.88,91,0.18,149,1.07,47,0.74,88,1.23,72,0.53,106,2.85454,21,32.26,158,16.39,275,18.99,206,28.87,6,17.23,296,18.52,234,42.46,60,32.61,67,8.33,348,12.02,141,4.57,334,23.83,243,25.6,100,18.13,218,22.08,21,10.36,344,16.72343313694,291
"2025","Texas A&M",77.46,137,-0.89,266,-0.04,177,1.07,48,0.92,74,0.2,172,-0.47,236,2.97046,11,39.18,27,22.87,79,12.35,360,13.83,343,23.69,63,27.27,26,38.29,129,31.32,84,18.1,172,7.11,293,5.18,315,21.53,309,23.97,155,18.58,197,16.94,157,18.99,37,68.8400864601135,7
"2025","Texas A&M Corpus Chris",77.26,173,-0.77,251,0.91,64,0.14,161,-0.45,252,0.43,145,0.07,164,1.36925,250,45,2,16.97,254,24.93,34,20.96,136,17.18,301,19.96,182,35.71,185,25.92,185,11.9,296,9.65,227,16.81,19,23.54,252,28.62,37,21.33,102,12.96,314,13.55,225,53.5972833633423,44
"2025","Texas Southern",76.34,314,0.12,172,-0.19,207,-0.35,236,-1.25,313,-2.65,340,-0.04,183,1.74928,179,42.35,10,19.47,172,18.65,217,17.24,264,20.62,173,24.02,76,29.04,303,35.84,34,21.62,86,7,298,6.49,256,24.66,219,22.13,219,22.83,68,15.43,221,14.95,151,41.9681966304779,122
"2025","Texas St.",76.47,297,-1.53,325,-1.07,303,0.21,148,-0.96,294,-0.32,229,-1.3,329,1.89658,143,38.09,39,12.04,357,28.64,6,20.74,144,17.8,282,20.75,152,27.54,322,32.55,68,29.81,15,5.24,340,4.83,328,20.45,331,28.68,35,25.35,29,15.75,205,9.72,353,42.585101723671,118
"2025","Texas Tech",76.56,285,0.57,118,-1.11,323,-0.59,266,-0.76,277,-1.33,301,-0.27,211,2.66611,34,29.17,248,23.8,54,22.56,80,18.23,232,20,202,15.41,323,50.06,11,20.9,278,12.81,279,10.26,199,5.96,289,31.36,39,19.39,295,17.86,227,15.93,195,15.47,132,38.8481289148331,145
"2025","The Citadel",76.75,257,-2.17,355,-1.09,306,0.62,103,0.58,120,-0.24,223,-1.63,347,0.28528,361,32.53,151,16.35,277,21.23,117,28.55,8,15.81,332,18.01,258,44.58,36,27.82,149,11.43,305,11.84,145,4.22,346,13.78,364,23.53,173,24.21,42,23.44,8,14.98,147,10.2276362478733,318
"2025","Toledo",77.43,139,-0.62,231,-0.09,183,1.19,40,0.46,132,0.19,175,-0.35,217,1.86215,151,26.18,301,14.07,339,20.33,150,23.86,55,19.2,246,22.54,115,29.09,302,27.14,161,10.94,313,11.74,151,21.1,6,20.01,337,20.73,267,22.18,82,20.49,46,16.59,90,47.4612891674042,77
"2025","Towson",77.33,154,-0.39,212,-0.02,174,0.58,108,0.87,80,-0.39,231,-0.21,204,2.17294,93,35.47,75,22.95,72,14.57,342,17.05,272,22.47,101,22.95,102,22.28,356,32.12,72,29.06,17,11.49,158,5,320,19.22,343,23.8,162,21.43,100,24.62,5,10.92,333,74.658328294754,1
"2025","Troy",77.8,91,-0.84,261,0.67,97,1.27,36,0.43,135,1.46,55,-0.08,194,1.08627,298,35.24,82,20.34,133,19.41,192,17.21,265,20.83,162,22.21,120,27.03,327,30.97,88,12.46,286,13.98,95,15.55,27,22.8,270,26,86,18.6,196,17.67,119,14.94,152,65.9854590892792,10
"2025","Tulane",78.13,51,-0.84,262,0.91,64,1.59,24,0.95,72,2.04,22,0.04,171,0.871286,322,21.64,347,18.34,214,17.82,253,19.53,186,23.01,78,21.31,141,37.4,151,17.8,331,23.65,53,12.32,130,8.83,158,21.81,302,21.11,257,26.53,19,17.95,110,12.61,275,9.3278132379055,326
"2025","Tulsa",76.67,269,-0.75,244,-0.25,213,-0.73,282,-0.7,269,-0.26,225,-0.5,241,2.66295,36,34.19,103,18.95,194,17.96,251,14.31,334,24.92,39,23.87,78,40.38,92,22.88,240,13.45,264,10.16,203,13.13,53,28.96,91,22.79,198,15.48,315,17.79,115,14.98,149,34.289088845253,177
"2025","UAB",76.73,260,-0.39,212,1.08,57,-1.11,306,-0.91,289,-1.03,280,0.35,132,1.74307,181,29.68,228,23.25,66,21.34,112,20.51,152,15.44,339,19.39,202,35.85,180,37.31,26,10.53,320,11.41,161,4.81,329,32.91,19,28.25,45,12.51,356,13.81,289,12.44,281,58.3972573280334,27
"2025","UC Davis",76.38,311,-0.77,252,-0.7,270,-1.92,351,-0.32,220,-0.39,232,-0.74,277,1.59617,217,25.67,305,15.29,312,17.52,264,14.21,336,30.09,3,22.84,108,32.93,234,30.02,103,14.96,232,13.2,112,8.83,157,32.43,22,24.31,143,15.49,314,18.13,106,9.56,357,48.7429946660995,70
"2025","UC Irvine",77.05,203,2.52,11,-1.04,299,-1.11,306,-0.89,286,-0.27,227,0.74,80,1.74066,184,32.08,163,27.22,14,19.13,199,12.66,360,22.56,95,18.37,238,43.73,43,23.87,220,16.34,210,10.24,201,5.76,295,35.23,11,25.57,102,15.44,320,11.71,341,12,300,42.8920060396194,117
"2025","UC Riverside",77.1,195,0.45,136,1.68,28,-0.52,252,-1.23,311,-0.92,270,1.07,59,1.24073,273,33.46,123,13.56,346,18.58,221,12.94,356,22,118,32.87,1,41.36,78,21.51,264,20.69,109,12.17,134,4.17,347,34.24,13,19.39,296,21.32,104,13.82,288,11.16,327,57.8353524208069,29
"2025","UC San Diego",77.58,117,-1.48,324,-1.09,306,0.4,129,1.5,35,2.54,10,-1.28,325,1.11485,295,23.42,330,16.87,259,16.72,295,25.23,35,25.1,35,16.06,306,33.14,228,22.93,239,24.32,44,6.17,319,13.4,49,25.34,200,18.22,325,23.83,48,19.94,60,12.64,273,42.9426968097687,116
"2025","UC Santa Barbara",77.82,88,1.12,68,0.78,85,0.21,147,0.09,172,0.88,97,0.95,67,2.56556,47,29.61,229,21.29,111,16.61,297,17.16,267,20.26,191,24.61,60,47.19,20,27.61,152,13.68,257,3.57,360,7.88,203,23.6,249,18.72,310,26.77,18,12.65,324,18.2,55,36.5072995424271,159
"2025","UCF",78.07,59,3.13,6,0.5,115,0.83,85,-0.32,220,0.18,176,1.82,16,2.214,86,29.17,247,17.11,248,24.06,45,14.95,321,19.43,232,24.41,67,31.95,250,22.23,250,24.67,37,12.55,124,8.53,175,21.9,298,24.57,133,21.73,96,18.12,108,13.63,220,22.1528232097626,260
"2025","UCLA",78.11,55,1.48,43,0.89,76,0.99,54,-0.11,193,1.29,70,1.18,54,2.23488,83,35.36,78,24.62,41,24.21,43,14.81,324,20.8,166,15.53,320,35.05,193,21.01,275,24.58,38,10.41,193,8.9,155,25.23,204,21.05,258,24.19,44,17.35,129,12.15,292,34.5244288444519,174
"2025","UMass Lowell",76.73,262,-1.81,342,-0.72,273,0.06,172,-0.32,220,0.4,148,-1.26,319,2.51692,52,22.31,343,22.01,93,22.39,84,20.23,163,15.85,331,19.48,196,28.16,314,25.86,188,16.46,205,17.55,32,11.93,79,28.11,120,23.77,165,18.83,190,13.64,296,15.61,124,55.7458400726318,38
"2025","UMBC",76.86,237,-1.69,336,-1.09,306,-0.56,262,0.04,176,1.55,53,-1.39,335,1.72094,191,28.71,260,15.49,308,19.14,198,21.44,124,19.3,240,24.6,62,23.26,351,36.56,29,24.45,41,9.83,220,5.85,294,28.27,110,17.46,336,17.15,249,16.33,178,20.75,20,51.1705636978149,58
"2025","UNC Asheville",77.25,174,-0.55,227,0.82,82,0.79,88,0.94,73,-1.79,325,0.13,156,2.19743,89,20.92,353,22.91,75,9.12,364,21.43,125,17.3,293,29.24,14,31.12,263,31.9,74,19.33,146,4.57,348,13.08,56,24.35,227,24.45,138,20.92,114,11.89,338,18.4,49,39.798367023468,141
"2025","UNC Greensboro",76.17,331,-1.39,304,0.05,165,-0.44,245,-0.7,268,-2.72,342,-0.67,265,2.10257,111,34.2,102,18.91,197,12.05,361,22.23,99,18.78,261,28.01,21,36.06,174,30.42,97,17.43,187,8.94,248,7.08,222,24.43,224,32.76,5,13.31,352,15.11,239,14.34,181,47.9972779750824,74
"2025","UNC Wilmington",77.99,70,1.12,67,-0.09,183,1.32,35,1.33,47,0.24,168,0.52,111,2.64427,42,37.66,48,27.48,13,16.34,307,16.86,279,17.28,294,22.01,125,39.18,108,24.15,209,19.71,131,11.32,164,5.58,302,24.25,229,18.89,303,26.92,17,18.16,104,11.74,312,35.398742556572,168
"2025","UNLV",77.89,81,1.79,26,-0.38,229,0.89,60,0.75,87,0.35,154,0.7,84,2.11952,108,30.08,216,19.27,179,21.16,121,16.96,273,20.7,170,21.9,127,37.77,140,19.71,298,13.87,251,18.06,28,10.56,104,30.02,71,19.82,286,18.41,205,21.98,23,9.74,351,24.4072273373604,246
"2025","USC",78.43,27,-0.73,241,-0.02,172,1.83,16,2.68,2,2.35,13,-0.37,221,2.524,51,26.69,292,21.85,98,19.21,197,14.36,332,21.18,144,23.36,93,36.24,168,21.62,261,16.76,200,10.77,181,14.55,36,24.43,225,19.41,294,26.01,23,18.78,88,11.33,319,0.354538904502988,351
"2025","USC Upstate",76.46,298,-1.39,304,-1.09,306,-1.1,305,-0.21,210,0.08,187,-1.24,317,0.0127775,363,36.67,64,16.74,266,25.91,23,23.34,63,14.75,349,19.24,209,38.88,115,36.08,31,9.71,335,8.61,258,6.71,243,27.54,137,24.5,136,20.56,131,16.53,168,10.85,335,0.0540313369128853,354
"2025","UT Arlington",76.76,254,0.36,149,0.58,105,-0.62,270,-1.02,298,-1.51,307,0.47,116,1.7369,185,31.28,177,22.52,86,22.6,77,16.82,283,20.16,196,17.91,263,38.09,135,28.88,126,11.92,295,12.68,122,8.44,179,32.76,20,23.38,182,15.39,322,16.6,165,11.86,307,11.1636474728584,313
"2025","UT Rio Grande Valley",76.06,337,-1.39,319,-1.86,355,-1.34,329,-1.12,304,0.01,194,-1.63,346,1.74847,180,29.45,236,19.14,182,22.57,79,22.68,84,19.79,213,15.78,313,34.55,204,25.41,194,11.15,310,12.03,140,16.8,20,26.28,169,28.34,41,16.36,284,11.38,348,17.59,67,6.45012781023979,333
"2025","Utah",79.53,3,2.14,15,2.22,9,3.05,1,2.23,10,1.99,26,2.18,8,2.03657,121,40.79,20,16.47,274,18.92,208,23.07,68,26.51,20,15.03,334,31.18,262,28.19,141,25.98,30,4.57,347,10.07,116,18.27,355,28.48,39,20.06,148,15.29,230,17.89,63,33.3333343267441,193
"2025","Utah St.",77.31,166,1.13,66,-0.45,235,-1.27,325,-0.32,220,1.42,58,0.34,134,2.1633,95,35.89,67,18.57,208,18.39,234,14.77,326,26.37,21,21.9,126,30.83,270,30.61,93,10.47,323,12.83,118,15.26,29,20.63,326,23.38,181,13,353,19.72,64,23.27,2,34.6612513065338,173
"2025","Utah Tech",75.52,352,-1.76,339,-1.32,335,-0.34,234,-1.99,346,-3.02,353,-1.54,341,1.65184,205,26.54,293,19,190,23.6,57,17.79,248,22.57,94,17.05,280,36.15,172,31.94,73,14.27,243,8.53,259,9.11,145,28.23,114,32.27,7,16.92,257,14.56,257,8.01,363,36.2784743309021,161
"2025","Utah Valley",78.06,60,0.19,165,0.85,79,0.42,127,1.42,40,1.37,64,0.52,110,0.773199,333,36.72,62,23.64,56,17.06,286,22.49,90,23.97,56,12.84,359,25.46,340,26.44,172,23.48,55,10.91,178,13.71,44,23.46,260,18.42,319,17.07,252,22.1,20,18.95,39,34.1581583023071,180
"2025","UTEP",76.87,233,-0.38,211,-1.24,329,-0.34,233,0.22,158,0.08,189,-0.81,287,1.50733,231,31.15,182,20.68,122,22.01,90,17.2,266,21.45,135,18.66,232,42.75,57,31.48,82,13.51,260,5.78,327,6.48,257,29.89,75,20.43,276,18.09,220,18.38,98,13.21,241,56.0800015926361,36
"2025","UTSA",76.53,290,0.06,182,-1.09,306,-0.18,222,-0.32,220,-1.85,328,-0.51,243,2.43004,61,21.21,351,13.35,349,20.17,158,16.35,292,27.32,14,22.76,110,38.84,117,13.9,352,30.2,13,5.99,321,11,94,35.43,9,25.57,101,19,183,7.99,364,11.94,303,1.00174304097891,349
"2025","Valparaiso",77.02,209,0.27,157,0.09,158,-1.51,335,-0.32,220,0.57,135,0.18,150,1.40032,243,28.11,269,24.44,43,14.57,341,21.52,122,23.11,76,16.32,301,28.2,313,37.42,25,16.38,208,11.28,165,6.68,246,30.01,72,26.2,83,16.97,255,12.01,336,14.78,157,36.1944258213043,164
"2025","Vanderbilt",76.46,300,-1.86,344,-0.5,238,-0.87,290,0.16,166,-0.65,250,-1.18,316,2.37877,66,38.4,36,20.58,126,20.33,149,14.64,328,21.29,140,23.1,96,30.1,283,41.59,5,16.28,212,5.99,322,5.96,290,23.48,257,29.02,31,17.07,251,15.76,204,14.6,171,2.39096488803625,348
"2025","VCU",78.02,65,0.61,108,2.02,13,-0.04,184,1,67,0.48,139,1.32,43,2.64701,40,34.63,90,12.34,354,16,312,24.41,47,21.63,129,25.57,42,29.17,301,19.83,296,17.45,186,21.13,17,12.36,70,15.92,360,28.72,33,21.15,107,20.95,37,13.2,244,51.9525766372681,52
"2025","Vermont",77.86,83,-0.94,275,0.69,96,-0.11,190,1.47,39,2.15,19,-0.13,200,2.40861,63,29.2,244,17.06,252,20.97,127,13.26,352,28.6,9,20.06,176,28.33,311,20.88,279,25.98,31,7.02,297,17.72,13,18.96,348,21.34,249,27.32,15,11.62,343,20.7,21,62.2511625289917,17
"2025","Villanova",77.35,152,0.48,133,0.06,164,-0.11,190,1.25,52,-0.94,273,0.27,140,2.87966,17,20.29,358,17.17,246,28.11,7,22.38,94,16.01,329,16.27,303,34.42,207,28.29,138,13.14,270,16.19,50,7.89,200,27.93,126,21.32,250,26.09,22,12.58,328,12.02,298,24.7758746147156,242
"2025","Virginia",78.35,34,1.16,62,1.61,31,0.75,90,1.2,56,1.03,85,1.38,39,1.51085,230,32.89,139,18.55,209,20.63,140,18.55,219,19.37,235,22.9,104,53.65,5,30.17,99,6.92,355,4.95,345,4.32,344,31.3,41,26.74,72,16.85,260,14.32,265,10.78,339,41.6541367769241,126
"2025","Virginia Tech",77.33,156,0.16,167,0.26,137,0.05,174,1.13,60,-0.97,277,0.21,142,1.04406,305,39.68,23,24.72,38,22.61,76,15.66,305,19.29,241,17.69,269,39.3,105,31.59,79,21.09,102,3.42,361,4.55,336,25.56,192,26.99,70,22.26,78,15.11,240,10.04,346,14.773228764534,299
"2025","VMI",76.87,234,-1.39,304,-0.75,277,-0.78,284,0.27,153,0.98,88,-1.07,312,0.738934,337,24.52,317,22.49,88,21.46,108,13.05,354,16.3,323,26.67,28,39.6,99,19.43,302,17.28,191,5.84,324,17.8,12,22.16,292,20.73,266,24.45,39,14.2,273,18.43,47,10.5206251144409,316
"2025","Wagner",76.64,272,-0.81,259,-0.54,245,-0.89,292,-0.46,253,-0.12,205,-0.68,269,1.89916,141,36.93,59,14.82,325,16.34,308,25.68,29,27.74,11,15.34,328,33.76,220,27.2,159,20.01,126,10.17,202,8.75,162,23.65,248,22.41,210,19.17,174,18.76,89,15.92,112,45.0145065784454,97
"2025","Wake Forest",77.77,96,1.31,49,-0.09,183,0.04,176,0.9,77,0.64,127,0.61,98,2.13752,101,21.29,350,17.42,235,16.92,290,25.57,30,20.94,156,19.13,213,34.07,214,39.93,11,11.22,308,6.49,314,8.25,186,24.64,220,24.43,139,20.58,130,16.13,188,14.2,190,51.6486167907715,55
"2025","Washington",77.92,79,0.14,171,0.91,64,0.78,89,0.68,94,1.08,81,0.52,108,2.49513,54,34.11,105,17.78,230,23.81,52,23.05,70,15.32,341,20.01,180,27.09,324,28.38,136,21.37,96,16.69,45,6.4,265,22.73,273,27.62,56,18.99,184,17.5,124,13.1,248,10.518616437912,317
"2025","Washington St.",78.37,33,1.27,53,1.73,23,0.89,60,1.26,51,0.69,123,1.5,28,1.68459,202,30.59,200,22.85,80,21.67,102,13,355,20.63,172,21.79,129,19.69,362,24.14,210,22.14,73,20.09,19,13.89,42,22.01,296,21.62,235,19.74,157,23.28,11,13.29,238,4.45729829370975,338
"2025","Weber St.",78.14,50,1.32,48,0.02,169,0.85,83,0.59,118,1.88,28,0.67,90,1.70046,195,36.68,63,16.71,269,15.61,320,17.91,242,18.38,267,31.35,5,44.69,34,24.96,198,8.4,346,4.31,355,17.57,14,21.33,312,25.61,99,16.63,269,14.12,278,22.27,9,40.1457965373993,138
"2025","West Georgia",76.38,313,-1.67,335,-1.09,306,0.35,133,-0.2,206,-1.52,309,-1.38,334,0,364,35.34,79,20.07,143,22.78,74,27.8,13,15.55,335,13.78,351,34.13,212,24.72,203,24.18,47,12.37,127,4.55,337,22.68,276,22.79,199,25.16,35,16.22,183,13.14,247,NA,NA
"2025","West Virginia",77.28,169,-0.16,203,0.56,108,0.28,141,0.04,175,-0.32,230,0.2,143,2.14363,100,27.32,281,21.91,96,18.49,228,15.37,312,24.1,50,20.13,173,43.17,49,29.65,113,11.56,302,8.92,249,6.69,244,31.37,36,15.12,357,18.25,213,20.9,39,14.37,178,0.0160439609317109,356
"2025","Western Carolina",77.33,155,0.32,151,0.91,64,-0.12,213,0.29,150,-0.76,256,0.62,97,0.563928,352,32.91,138,16.14,290,28.73,5,16.94,275,19.8,212,18.37,237,44.59,35,30.12,101,13.88,250,5.68,328,5.71,297,23.26,264,27.26,63,22.21,79,16.49,171,10.77,340,9.77351814508438,320
"2025","Western Illinois",77.18,183,-1.01,281,-0.14,202,0.59,107,0.23,156,0.22,170,-0.57,256,1.28333,264,23.82,328,12.29,355,17.24,277,28.9,5,19,253,22.56,114,45.43,29,19.42,303,14.96,233,13.97,96,6.18,278,25.16,206,18.58,316,20.6,128,21.34,34,14.3,182,21.9363749027252,261
"2025","Western Kentucky",76.2,325,0.31,152,-0.52,244,-1.8,348,-1.32,318,-1.67,320,-0.1,198,1.75995,175,36.88,60,14.55,333,20.28,153,25.09,37,25,36,15.09,333,39.88,95,19,311,16.69,202,12.75,121,11.69,82,26.03,177,27.74,53,19.16,175,16.27,181,10.8,338,55.5693507194519,39
"2025","Western Michigan",77.82,87,0.15,168,1.29,46,0.09,169,0.58,121,0.97,90,0.72,81,1.22519,277,35.44,76,17.23,242,21.18,119,18.04,238,20.47,181,23.01,98,31.27,261,24.05,213,21.12,101,18.31,26,5.18,316,28.39,105,19.96,285,21.84,94,13.09,310,16.65,88,31.8388342857361,200
"2025","Wichita St.",76.59,281,0.95,84,-1.53,341,-0.52,253,-1.16,307,-0.83,262,-0.29,215,2.8748,18,33.69,116,17.37,238,16.58,298,23.33,64,17.65,286,25.04,54,40.57,90,18.3,322,30.65,11,4.33,353,6.11,282,31.54,34,18.41,320,23.18,60,12.31,331,14.51,172,53.1226813793182,47
"2025","William & Mary",77.72,101,-1.27,300,0.07,160,0.57,110,1.68,21,1.55,52,-0.6,259,1.76967,172,39.78,22,24.74,37,15.71,317,24.03,52,20.05,197,15.39,325,31.62,253,17.92,329,13.44,265,22.16,11,14.8,34,27.29,143,19.24,299,18.3,209,24.28,6,10.81,337,43.0677711963654,114
"2025","Winthrop",76.96,213,-1.37,303,-0.33,222,-0.5,250,0.38,143,0.6,131,-0.85,290,2.66111,37,34.08,107,20.94,119,23.86,49,16.89,278,20.45,183,17.84,264,31.59,254,42.39,4,10.48,322,11.83,146,3.65,352,27.56,133,25.89,91,21.95,90,13.34,302,11.22,325,57.0876836776733,33
"2025","Wisconsin",77.99,68,2.26,12,0.52,112,-0.11,210,0.68,94,0.6,132,1.39,38,2.60002,45,31.15,181,20.46,130,14.53,345,25.92,25,19.81,211,19.22,210,34.98,195,25.91,187,13.49,262,9.93,214,15.62,25,27.14,150,19.64,290,20.61,127,15.48,220,17.07,78,46.3409274816513,89
"2025","Wofford",76.45,302,-0.69,238,-1.27,331,-2.11,356,-0.32,220,0.6,133,-0.98,304,2.11773,109,31.75,169,22.05,92,19.71,176,20.68,146,24,54,13.55,352,41.85,70,17,337,11.38,306,10.06,207,19.67,9,31.35,40,21.02,259,18.29,211,15.27,232,14.05,200,65.9544229507446,11
"2025","Wright St.",76.63,273,-1.4,320,-0.71,271,0.22,146,-0.55,259,-0.43,237,-1.05,310,1.99618,125,30.39,208,27.12,15,19.47,188,19.78,178,19.4,234,14.23,342,28.02,315,41.37,7,18.33,168,5.8,325,6.48,258,27.84,128,26.36,79,20.62,126,12.95,315,12.23,290,46.54820561409,86
"2025","Wyoming",77.74,100,0.29,153,0.16,152,0.89,60,0.4,140,0.9,95,0.23,141,1.80052,162,37.92,45,20.49,128,14.75,333,19.11,200,27.61,13,18.02,256,36.72,159,33.11,61,16.96,198,9.84,219,3.34,360,23.44,261,20.49,273,26.36,21,19.05,79,10.64,343,9.67593416571617,323
"2025","Xavier",77.32,160,0.08,181,0.91,64,0.28,142,0.07,174,-0.78,257,0.5,114,3.53525,2,24.36,321,25.26,32,17.5,265,17.07,270,23.83,60,16.29,302,37.24,153,30.59,94,18.6,161,6.87,303,6.63,249,27.28,145,22.3,213,22.79,70,14.76,249,12.82,262,25.9353429079056,235
"2025","Yale",77.79,94,-0.75,245,-0.58,251,0.89,60,1.78,20,1.57,49,-0.67,267,1.69892,197,30.37,209,19.57,163,21.17,120,18.91,209,23.81,61,16.51,293,34.05,215,27.67,151,21.73,82,6.92,301,9.55,132,16.82,358,23.78,164,21,112,16.57,166,21.8,10,52.7366876602173,49
"2025","Youngstown St.",76.84,239,2,19,-1.09,306,0.16,155,-0.9,288,-2.01,333,0.46,118,1.87617,147,33.49,122,13.44,347,21.9,95,25.08,38,21.03,148,18.54,233,36.5,163,23.18,235,21.95,77,10.03,208,8.31,184,21.7,304,29.79,22,21.85,93,13.94,284,12.69,271,14.4576862454414,301
